"","ResponseId","desc_rsn"
"1","R_3CDWi1kNJKXJiLV","insult"
"2","R_10OeUAY8BxR4N9H",NA
"3","R_3lDODAUiAQTzqvi","They have emotional imbalances that they need to learn to control."
"4","R_3Hhq5FAhV1IB8GL","they feel very hurt and are unable to let go of the pain in order to let go of the grudge
"
"5","R_1F4GgSqFlBGiCkI","They cannot - for whatever reason - express their anger immediately or let it go as an alternative."
"6","R_RfYUkPPby1QuujL","People hold grudges because humans are sensitive and egos are easy to wound. People tend to be prideful and stubborn and that leads to holding grudges. It is far easier to place blame solely on the shoulders of the person who isn't you but many issues are two sided and can be seen from several perspectives. However, grudges are held understandably when someone intentionally commits a crime/act to deliberately cause irreversible harm."
"7","R_1igmYlmlfpDF2EL","Someone else hurt them."
"8","R_22PSaYuqrk3SnUn","Because we can't let go of the pain we felt by someone's actions."
"9","R_2dm9vzigtyp6Ah8","I think people typically hold grudges after being betrayed, or experiencing some perceived betrayal, when the other person doesn't apologize or refuses to see how their actions could have hurt the other person."
"10","R_1jCxORe1IGfwFBz","Because they are upset with something someone did."
"11","R_3nvg2R1ZgwcZIvF","Because they are hurt"
"12","R_2flflB6ll7Ap7JU","Generally it is when a person feels wronged by another, and they are unwilling to either forgive or accept the wrongdoing and move on. Often grudges are held unintentionally"
"13","R_3IRBCkWey5nXAEk","People may typically hold grudges against other people that did them wrong in the past. For example, a boss that fired them from their job."
"14","R_7OMAu81OJoZwhl7","People typically hold grudges when another person does something that they do not like or are fond of."
"15","R_27eXObVJmsbgdtY","People who are wounded hold grudges when they cannot forgive."
"16","R_1OdpzB1R03kyAzn","I think people hold grudges because they are hurt and want to project that hurt on to others."
"17","R_1FQBvw3S4j0jhze","when someone has done something bad to another person"
"18","R_uzdKLAhC2Y8WGBz","To make the person who wronged them feel consequences for their actions."
"19","R_r2NNjedFyMXdzj3","When someone slights them or does them wrong on purpose or does something on accident and doesn't live up to their mistake."
"20","R_ea3I4aS6L35fDaN","when someone says that you are a rude or horrible person"
"21","R_31o5ErFyInG9Sh3","They cannot forgive what the other person did to them"
"22","R_3p55ZbAR64824Wq","I can only speak from my experience, but when someone has hurt me or someone I care about  emotionally or physically and refused to acknowledge the pain they caused I hold a grudge. When my pain or a loved one's pain is not validated by the person who caused it."
"23","R_3aBjt0PkKUnCbXX","Usually they feel wronged, and whatever they are holding a grudge for likely continues to affect them in some way."
"24","R_2CTvPnJUkjATOh0","People typically hold grudges when a perceived wrong is taken against them."
"25","R_30k0oKPO04Rdkmq","something that affected the person negatively. an example would be such as their feelings got hurt or betrayed."
"26","R_4GfkumHBWRpZyEN","The hold grudges because they feel like they need to get the last word in, so to speak. They feel things should be balanced. They were done wrong and won't let go until things are equalized. They fear the other person ""won."""
"27","R_3feHjrNarFXsgQN","People typically hold grudges over betrayal and over disrespectful offenses to one's person. Ultimately, holding a grudge stems from a feeling of having your self-worth belittled."
"28","R_3JEGXSyDnaKCQay","A great offense occurred with some sort of personal injury."
"29","R_1Nh8kHA3OsbxJIe","Because they have been wronged in a way that they cannot forgive"
"30","R_3UCKeo1nPH74rQZ","They felt that they were unfairly treated or betrayed."
"31","R_2ccKx9YVCMskiSe","I think it's cause they aren't ready to forgive/move on. I think maybe some people want to keep those emotions so they remember what happened"
"32","R_3dZlXlPMBIaALip","anger, betrayal,"
"33","R_0AK4bFxTmzm6vpn","If someone wronged me in a significant way or a way that affects my life in a negative way."
"34","R_2ZKdEZEH6FKeL2i","When they are wronged at a very clear and personal level by another person and this is usually on purpose from that person."
"35","R_3HLnHJXNBwOBAQt","egotism"
"36","R_1BYtwz4iPwZcK8l","because they want to be petty"
"37","R_UgoBV0R7WDvXT5D","Wrongdoings, experiencing traumatic experiences, or money related events."
"38","R_eVUeMtb1qRly9Ut","Premeditated and direct / indirect harm to me or my loved ones"
"39","R_3jeShJY2CCuPXk0","They will remember the hurt and they don't want to be hurt by that person again."
"40","R_3CPdIC3lknJWaQx","They feel the action that inspired the grudge reflected a false image of themselves to others.  For example, if I believe I am very good at taking care of my home, and someone steals a fork from me at a dinner party, I might hold a grudge against that person.  But if I don't feel my identity is tied to my ability to protect my cutlery, I might just let it go.  Or I might feel that I am someone who doesn't have friends that would steal from them, but this friend has shattered that belief, so it's difficult for me to let it go."
"41","R_3je8Hizuxktcxxy","People hold grudges because they are hurt. I think it stems from complex and unresolved emotions."
"42","R_31ZyfzYVrPRlSnb","When someone does them wrong."
"43","R_2WMh99X1klI6qtD","They feel wrong repeatedly."
"44","R_2XgJA4oaa1IepIw","For the reason that people expects something, but that something is not met or fulfilled that can lead to disappointment."
"45","R_1roGrGqfE5612U4","If someone does something to wrong you"
"46","R_SZvQSRw93jlEf9n","When they feel betrayed, or in some cases, humiliated."
"47","R_1my3cfSp4ZJ8FV2","Typically, I think it's because someone wronged them with their actions."
"48","R_1LMXzmWMsXxqtks","Jeolousy caused by ""losing""."
"49","R_1LtElAmws5BjYmd","For the memory of the damage, for the reprehensible acts, pride, fear. People don't let go of negative feelings so easily"
"50","R_10JhWGR6xAOVXqx","People typically hold grudges when they feel like they've been wronged and there's no acknowledgement or restitution from the source of the hurt."
"51","R_1ISeW1IPBCelvJ8","because forgiving someone is hard"
"52","R_3fJLFHuoAdXtd04","People hold grudges because they feel they have been wronged by someone or something."
"53","R_Zz3Xq0LGcCGkdoJ","Typically a grudge is held when someone is slighted, and decides to hold onto the feeling rather than get rid of it."
"54","R_D8zZmoPMMmcxV2p","I believe that people typically hold grudges because they are still hurt by something that happened in the past. Perhaps they haven't had closure on the topic, and are still feeling all the emotions of the past situation."
"55","R_3hGdLFipphk2ZyT","People usually hold grudges because of petty things such as money, jealousy, romantic partners."
"56","R_1mEFdgto9fCouzs","Feeling hurt,betrayed, or wronged in some way"
"57","R_20SRWqeKpVpVrBe","Because they feel hurt or betrayed and they don't want to feel that way again"
"58","R_CeiJ6zWMhEQEQmd","When someone does something deliberately to hurt me."
"59","R_3prPj1j0jg39CXN","To prove a point that the person feels hurt."
"60","R_1BXIB50FumVmZlS","If someone feels they were particularly wronged, or a wrong has not been corrected, they may hold a grudge. Or if someone feels that they can no longer view the offender in the same way, or trust them anymore, they may hold a grudge."
"61","R_2DTTFL5Jsu0HREp","Personal reasons"
"62","R_sROopfYQHUyZCEN","they feel their pride affected by certain situations, they feel they have been demoted"
"63","R_blxR6BGQXrRmsBb","People typically hold grudges because of internalized hurt or pain towards a slight or offense they feel has been perpetrated unto them."
"64","R_28TBaImknWgRRLg","I think people hold grudges because they don't feel like the incident that fostered the grudge has been resolved. They didn't get to talk it out or have closure with the person or the event."
"65","R_DSQLLcgdiu308AF","If they've been inconvenienced in any significant way"
"66","R_12bBHMytRsflLqi","feeling hurt over things that have happened in the past"
"67","R_QggX9yzMdaXsrpD","When someone repeatedly steps over the line of trust and something terrible happens as a consequence that causes financial burden, physical/mental suffering or both."
"68","R_1QLMy4Xa7ut9k78","People typically hold a grudge against someone they think has wronged them in some way."
"69","R_85PpmMP1QB4kMOl","I typically don't.  I can't think of any grudges I have or have had.  I don't often put myself out there enough to create a situation where a grudge would arise."
"70","R_3qkFJ3Pon3qGQah","Disagreements over minor things"
"71","R_2wbOHFu2ARR6EH0","When they are not grateful with their own life"
"72","R_3eqPJNTRRm5tEuc","Pride, resentment, jealousy, feeling wronged, feeling like they got an unfair hand."
"73","R_1kTxUOT5oA07mg5","The feel like the other person has wronged them significantly enough that they need to remember it so they aren't hurt again."
"74","R_rex68gbNJSdxeLf","If people feel that the other person took something from them. Time, money, etc."
"75","R_1LUWtLiTfTzocMQ","People hold grudges because they can't move on from a painful experience and forgive the perceived wrongdoer."
"76","R_1qfWSnnwKHrpb1f","Because there mad"
"77","R_CfVJEfsjrVpdkIN","Something negative may have impacted them by another party or individual."
"78","R_1JDE6yhaiq9147F","They feel wronged by that person and feel they do not deserve to be forgiven"
"79","R_1GDpfhDYLt4VMkw","People typically hold grudges to protect themselves from harm."
"80","R_1okfT0NCLK4gX92","Any reason at all these days"
"81","R_1g0EeZVyNURTHVU","Someone cheated on them. Someone hurt their feelings. Etc."
"82","R_3KwtqaV7WJ7ijiC","They have an anger that they are unwilling to let go of and it consumes their every thought until it gets to the point where they let it go."
"83","R_1d5hYfu7SHNtHfx","People hold grudges for a wrong done against them."
"84","R_2XbUSS7HXxo0V7y","I think people typically hold grudges when they've been let down or upset by another person and aren't able to get over that disappointment or don't feel as though the situation has been resolved in a fair manor."
"85","R_Dk07zOAdPUaLQKl","People hold grudges when they feel they have been wronged or inconvenienced by someone else."
"86","R_3kwikRzB8TRK10u","when someone has wronged them."
"87","R_2vjgzCJAB9ccEsd","Because they haven't healed from trauma that has taken place in a relationship they thought was maybe different than it was."
"88","R_3kyXYxE0i4w405g","I think people hold grudges when they feel as though they have been wronged by another person and they don't feel like the relationship can go back to normal."
"89","R_2UVkhmgTyBooDRF","People typically hold grudges because they or someone they love has been hurt by another person."
"90","R_1jAIlPp4Q8cE8nu","People hold grudges when they are angry or blame someone for something that happened to them"
"91","R_2rwQHdmxVf6Sf5R","Whenever someone gets mad at something when could have been the other way"
"92","R_1n9owyP8nZWjyLB","Because of inner hatred."
"93","R_2X1owfJWITPS0n5","they feel wronged in such a way and their emotions are out of control"
"94","R_vo83d7TXVPNlEFr","People usually hold a grudge when they have been wronged in some type of way by another person and might feel that the other person now owes them something"
"95","R_0D3JMkDDVMlJdDz","When they feel like someone has wronged them but it is for the best if they remain in touch."
"96","R_0xgItDlLxRIfO13","Because they could be expecting something from someone and it hasn't been fulfilled. For example, you might feel that someone has wronged you in some way and you would expect an apology, but never receive it."
"97","R_1l4xNJstWUUxOSc","When they feel betrayed by someone."
"98","R_2X4czbSW8HQfF0a","Because they are not able to move forward from the pain and only thing that makes them feel better is to hold on to the hurt that someone else caused them and perhaps they feel that's the only way to make the other person suffer"
"99","R_2s78T5vbUAUS7bJ","People typically hold grudges for wrongdoing."
"100","R_qyoC4rFd0nGeJ7X","People generally hold grudges in retaliation to some type of wrongdoing."
"101","R_3PDayYBMnGw0ovf","Because they can't let go of something that's happened to them."
"102","R_9AMndad6ndjSbYt","angry things didn't go their way"
"103","R_2ctPfLj4zErxwvE","someone doesnt do something they said they would do"
"104","R_2s5Dhn33M0LDLf4","For being offended to a deeper level"
"105","R_1cTeh9Pg4APU5ih","I believe people typically hold grudges because they feel they have been particularly harmed emotionally/mentally/or physically by another party with no repercussions to the aggressor."
"106","R_2CHQR113g10jHxE","People typically hold grudges because they find it hard to overcome the hurt feelings they have when someone did something to harm them."
"107","R_33ex5n0jtfdabsc","People hold grudges typically as an emotional response to being slighted or taken advantage of etc. I don't think there is a purely logical reason, but there certainly is an emotional reason as to why people hold grudges"
"108","R_10UkNUADPAmdK89","for wrongs against them or someone/something they care about"
"109","R_3D0x0O2FcimxqJM","people do not want to blame themselves or someone close to them and want to see the justice of a hand for a hand because they feel like they have been wronged by others who did not help them in any way, shape, or form."
"110","R_1poMmvzq1ah7QIN","the main reason is anger"
"111","R_yUgCjtW4T5MMkXT","When others backstab their friends, talk about them behind their backs, or are just straight up mean while not apologizing for their wrongdoings."
"112","R_RV0skRMGfnemr85","People generally hold grudges because someone they know caused them a serious personal wrong."
"113","R_b1kND646ih9URTr","They feel like their pride has been damaged too much to forgive the person."
"114","R_r9nxMJLKbz7F1ol","Hurt feelings, real or imagined."
"115","R_1C8Eza1KY8cwfwE","when they feel like they have been wronged. if someone lies to them. if they have been excluded from an event or gathering."
"116","R_3Ms6QgXBrOTs126","They have been wronged and they are not ready to move on."
"117","R_3FLpwoDG87OThfQ","When they are hurt by another and want to prove a point to them or just show them how they have affected them with their actions."
"118","R_sLTmFYJeU5lYKop","Grudges are usually held because the person cannot get over what someone else did. Their actions had crossed some sort of line, and grudges serve as reminders about what that person did. It is almost like a reminder to themselves. Having specific grudges against someone may also help justify their dislike of that person in their head."
"119","R_2s6lkljRBiW4IuO","Probably to get revenge"
"120","R_2xDCIlPiNAMc0fJ","When people feel that they have been wronged and inadequate reparations have been made to address that wrong"
"121","R_3Gy7bsE3MfWpM2E","They hold grudges when they think they were wronged"
"122","R_3hGByoAjJD6NGag","when they get offended from someone or someone did something really bad to them"
"123","R_3scfVyCZiJbQzfS","People usually hold grudges because they were hurt and can't find resolution or peace."
"124","R_1gLQ5BI0W2SFHEM","They feel like if they don't they are letting the negative actions slide"
"125","R_2zUsnkbtKbTzL9I","Because they are stubborn and don't want to give in."
"126","R_cLJRsHcpk7XmG8V","BECAUS SOMEBODY HURT THEM AND DID NOT MAKE IT RIGHT"
"127","R_1mWdZIuTBmZsRZ8","When someone does something that affects you negatively, you tend a hold a grudge against them"
"128","R_OOl80PSAceNbs09","When someone has wronged another person."
"129","R_2uVWf5trS5OxOXV","Something bad has happened to them"
"130","R_1rxj0h64XfZmVcF","I think people hold grudges when they feel wronged and like the issue wasn't addressed properly.  Like if they weren't apologized to or don't feel like the situation was adequately dealt with."
"131","R_2VPEUAi4ojm6WA1","Because they have a hard time letting things go and they were potentially very hurt, but holding a grudge does more harm than good"
"132","R_UiO16RPn9n7jHxf","Unwillingness to let go, feelings of hurt, jealousy, etc"
"133","R_2EmJFDi8kRhsMWd","I think this happens when two people do not communicate well enough to completely solve a problem, or if the person holding the grudge does not voice their concern at all. This may also happen when a person shows no remorse or doesn't apologize for their actions that hurt the person holding a grudge."
"134","R_1eVFmBHYCtENiVn","If the person was treated unfairly or had a bad childhood"
"135","R_bpzjQmhx19Jyxzj","When they are exceptionally upset by actions that can be attributed to a single individual and they feel the desire to remain upset with the person, either with the intention of ""getting even"" with them or to make the person aware they are upset with them."
"136","R_31j9PVH7xaNbl8L","They feel like they were treated in a way that was unfair"
"137","R_31sZDB1IuXZLQ4g","because they are upset"
"138","R_2vfdYxlxpm17VhY","I think people typically hold grudges because they are stuck in the past. Often times people think others are to blame for their failures but in reality the grudges they hold are preventing them from moving on."
"139","R_1UnFI7I64vJXRmN","They feel betrayed"
"140","R_3Jn6wTNo0G5Lzzt","People hold grudges because they think that they deserve something for having been treated poorly in the past."
"141","R_DTWmRlqYz7dBnTX","Sometimes it's jealousy and others it's just the person and there is no real reason."
"142","R_2aV1J8OGsfrFeOx","I feel people hold grudges due to emotional pain, harm, pride, or embarrassment."
"143","R_2V8gRqAIy7apStY","because they've been hurt and have yet to heal"
"144","R_1jkelzL3Zjf3JeW","A particular wrongdoing done to someone that relates to another event that can be emotionally stressful for an individual"
"145","R_2OHMQYwEosyKjRD","if someone did something very wrong to someone."
"146","R_b7rKNh9NRxQ0HZv","when someone has wronged them in a way that is unforgivable to them"
"147","R_2pW7p6doLiVxKtD","People usually hold grudges for things that other people haven't apologized for"
"148","R_33fG909hY9cqu6A","I’m not an expert, but I suspect there’s an evolutionary incentive to prevent an individual from once again trusting those who have previously harmed him or her."
"149","R_1HdWr790LTPfuPE","If they've been mistreated in the past by someone or something and don't want to let go of those emotions."
"150","R_2YXqYFn3bBjkLu7","If people feel they were extremely wronged by the other party."
"151","R_1HqVK7RXoC2YKLt","Personal reasons, the other person/event affected them negatively and they feel that it was unfair. They want revenge or to get even"
"152","R_XvP1abiP00gqvlL","self righteousness, stubbornness, sense of personal justice"
"153","R_3oB0YcE7szpf8EL","When people feelings is hurt"
"154","R_1GHcpFfaVX5ZG9G","Because they want to stay mad at someone who upset them once."
"155","R_24i3c53mE0qAdOJ","Because they feel like they were wronged
"
"156","R_8HsX2UG45vl7SSd","People usually hold grudges because they lack the grace it takes to forgive someone or they refuse to acknowledge how they could have done something wrong."
"157","R_PFXNsF9G1FK9Cpj","People usually hold grudges because they are unable to accept any responsibility, so they continue to blame others"
"158","R_2tDc4Pq1UJRNB4R","people not keeping promises, people lying, breakups"
"159","R_RQbKHJE8Xl5Sp5n","Their personal pride has been injured by something that someone else has done and it reminds them that they are not powerful so that nagging reminder keeps a negative feeling present."
"160","R_2EyoLXCRclUymUo","They felt personally injured by someone who showed no remorse or regret for the actions that caused the injury."
"161","R_25T1CU8Ylv559Nx","People hold grudges because something upsetting or injust was done to them in the past"
"162","R_2tPEeS4SBorHEGd","I think people typically hold grudges when they feel very hurt and also vulnerable enough that forgiveness seems like a weakness."
"163","R_3fuxyoos7VbuxNa","When they feel slighted"
"164","R_2cemHgQmIyUGS9M","When they have a certain amount of ego"
"165","R_3COXiEJVCadQcsK","Because someone did them wrong or treated them poorly"
"166","R_PRmcBtsQLsP8jcd","If someone treats me without respect or badly and doesnt own up to it."
"167","R_3MRqbluZQPpIPeH","If they feel they have been wronged by an individual. They might feel that they have been betrayed by someone."
"168","R_2pS5qXIZLR1al8n","perceived wrongs"
"169","R_br9FLNl2dTgFEnD","I think it is because of some harm that they think someone might have done to them and they have a sense of justice and a necessity for retribution."
"170","R_33dqnmaMAANNAN3","When they feel betrayed by someone."
"171","R_1DSVHNvLsQizhKq","Jealousy, revenge, pettiness, hurt feelings, betrayals of trust,"
"172","R_2zI4Ellt83U8nZ8","They are too immature to understand their own feelings and have been taught that treating people poorly is cathartic."
"173","R_32QJEim1AqNNdFY","When someone has wronged them"
"174","R_uxJRwvMF441mW4N","When they have been hurt emotionally or physically by someone"
"175","R_2bMZBjVGNkrOACU","When they are betrayed by someone close to them."
"176","R_1IuzdlVnNvWDBnj","Because they had their feelings hurt or pride hurt and that is hard to let go of"
"177","R_03ya3PMwVL280lr","Out of jealousy"
"178","R_24uQDtWaj4EW9aX","I guess cause some people might have an expectation of someone and that person doesn't hold of their end."
"179","R_2zNEImDBFUCGY1w","Normally if another has wronged them, but I define holding a grudge to be if it is for a petty reason. The other person has apologized and it wasn't a major issue and the person holding a grudge is being a bitter. If the person has a good reason to be upset still, I don't consider it a 'grudge.'"
"180","R_pLvgqIJinh9SpLH","Depending on situations, people hold grudges when they feel like they have not been treated well by family/friends. Not living upto expectations of what one has of another can also lead to holding grudges."
"181","R_ZaenGbIKBe1g8Cd","Typically because they keep reliving the conversation or event that made them upset and are not able to get over it."
"182","R_1rlaDwumNg4UsVN","Pettiness.  Most people hold grudges because they feel the person is not sorry or has not been made to pay for the wrong doing"
"183","R_2ONNHPaOWBYherz","I think people typically hold grudges over things that they feel they did not get closure on--they did not get a formal apology, they were unable to overcome their frustration in their own mind"
"184","R_6X7Qt49aLPuDBjX","People hold grudges because they have been hurt by someone. They mask their hurt with anger. They usually don't communicate well with whoever they are holding the grudge about."
"185","R_1nZVLN2kzZHDObc","When someone does or says something that is unforgivable."
"186","R_28IFxZTRVhEc5xa","There are probably many reasons but I think typically grudges are held when people feel as though they have been wronged and justice has not been done."
"187","R_3J2bbUQ73B6gXcS","When they feel they have been emotionally wronged by someone."
"188","R_27rpwmEfIJPNdhj","Typically I think people hold grudges when they or someone they love has been severely harmed/wronged."
"189","R_3PJU8v7mRX9KRHP","when they have been wronged"
"190","R_1OPjH0aNKTAbJ9I","Their inflated ego."
"191","R_bBIpNMQHGFZw4Qp","They have been transgressed upon."
"192","R_2VBDLNBm17hN3lR","People typically hold a grudge because someone wronged them and they cannot get justice or revenge to alleviate that grudge."
"193","R_2h4dZGinWhC0lIR","When someone wrongs them. Like when someone goes around telling anybody who will listen that you lied about knowing that your name would be dropped in a song that degrades you."
"194","R_1I6Fxh88xDLUeI9","People typically hold grudges against people that have wronged them in some way.  The wrong doing is either large enough to warrant a grudge, or some people are just not capable of forgiving/forgetting."
"195","R_3ND0OYNR3yQDbo1","people typically hold grudges because they can't apologise for doing something that made a second person not like what one did."
"196","R_2E4OOogtM0GrevJ","they feel wronged."
"197","R_1Cexk7W55IKboBh","people hold grudges because they feel they may be entitled to certain aspects or feelings from other people. if those are not returned, grudges emerge as a result."
"198","R_PZmjS7q9jGDdlNT","i don't know"
"199","R_210RdcB5jWwr6lQ","when they don't get what they want"
"200","R_PBRa2MX0Na7OlC9","They feel wronged and feel that their trust has been broken."
"201","R_w6skfmg2kqq5psd","someone has done them wrong"
"202","R_2sbEh8vsUUapfJZ","for being wronged."
"203","R_1dKOEny2GrZOVe3","I think people usually hold grudges when they feel like theyve been wronged and the person either hasn't apologized or there was no justice in the situation."
"204","R_1NlDXqNuF3Fg9BB","When I feel like I can't trust someone anymore."
"205","R_3j0q00Ivrz2LXVL","People who feel hurt or betrayed hold grudges, if they're feelings don't feel validated by the ""trespasser."""
"206","R_1eXcXQ8TWo1YHAL","There mad at someone and its hard to forgive."
"207","R_21cTMmE9haFsjmB","Somebody has wronged them in some manner"
"208","R_3MKfJnQZCYkVPoD","When people get really hurt or disappointed in a big way."
"209","R_1f2R3f3OXfUuZ8B","I think people usually hold grudges against people because they have been wronged by them. For example if person A benefits something at the expense of person B, person A may hold a grudge against B. It may also be because a person doesn't have a forgiving personality."
"210","R_1gdXLwRF9z7R9wH","In my opinion, people hold grudges as they have experienced a large betrayal that they are not emotionally equipped to handle or forgive."
"211","R_3irtYYVJ8LOV6VU","The person may have been greatly offended or harmed in their own pride by another, and for that reason a grudge may arise in many cases that is irreconcilable."
"212","R_9Y3jgti5AwdNzS9","They're angry about circumstances and are unable to forgive."
"213","R_DdxK2IOZ0A8OWQ1","People hold grudges when someone does something the other person believes is unjust."
"214","R_u92CopAe250kDeN","I think people typically hold grudges because they lack the emotional maturity and coping skills to let go of the past."
"215","R_1jeKQHE1vTH9Ke9","People typically hold grudges when someone has done something to cause the loss of something."
"216","R_21GTOX8KFfoa0XH","Another has intentionally wronged (or has perceived to have wronged) them or their family."
"217","R_1lz7dGUZyngUpkU","because they feel hurt by something and don't have the coping skills to address the issue of resolution"
"218","R_2tzKu6ytn4zy0vn","People typically hold grudges when someone close to them betrays or hurts them."
"219","R_3eh2pBrmrLZe4d3","Stubborness"
"220","R_QgLh0eSoi6CTaEN","I think that people have this idea that they can hold a grudge against a person and therefore have some kind of power over them. The fact is that those who hold grudges are under the power of the grudge and of their own anger, fear, etc."
"221","R_3Oks4O9FEzaVDqt","I a person purposely did something to harm me or my family."
"222","R_WvZInZ3ny4WPS0h","to get revenge"
"223","R_1CJy0teJWZ74jiW","People often get stuck in the cycle of holding grudges because they expect something from someone and that expectation hasn't been fulfilled."
"224","R_u8GetwcH7TSX8L7","Divorce, job promotions, financial reasons, favoritism, neglect from a friend,  family member"
"225","R_20ZsoREvopo77aE","If they feel like someone or something was unfair to them, treated them bad, or some other reason like jealousy."
"226","R_bOOcxOBRAndJ1Tj","I think people typically hold grudges because of the hurt that they feel. They feel like the person who hurt them may hurt them again, or will continue the behavior they feel as wrong."
"227","R_vwT1Tjet8Yni5mF","emotions"
"228","R_125wpHJ3HFFi2MZ","Can't get over the pain"
"229","R_3O3A9Gg1cdwAlVj","They had expectations of someone that weren't met, and they have received what they feel is appropriate acknowledgement and apology (and perhaps reparations) from the other person or entity. They feel hurt and disappointed, and wronged. They feel that they deserve or are entitled to something in return for these feelings, and that they cannot give personal forgiveness until these things are attended to in their own minds."
"230","R_tMvYjGXJoYzUS4N","They believe that something of someone has done something unfairly to them.  They want to get some revenge or payback for a past wrong."
"231","R_BVzJkmYERUNL7TH","When an act comes to a conclusion that does not satisfy the person, they wish to correct it so they try to think of ways to change the outcome so that it fits what they want it to be"
"232","R_pKv8LZozCrJHXPj","If they feel they have been mistreated like being hurt, offended, betrayed... (etc.)"
"233","R_12u5SpvOE4tSmdG","Egregious personal offenses or obvious repeated offenses to others"
"234","R_3rSr8cQhjy5UOe7","When they they felt belittled or insulted."
"235","R_2SuDIphO0mNOcKr","People typically hold grudges when situations are unresolved. When they feel that an injustice has been done and no one has acknowledged it or validated their feelings, it is very difficult for them to move on from it. It's hard to be content when you feel as though no one cares about you and the world is an unfair place."
"236","R_2A1oG091jF0XS1Q","They think the person did them wrong and doesnt care"
"237","R_A6RwpXQCq9TOYGl","I would only hold a grudge if I truly felt like someone intentionally crossed a moral line."
"238","R_12zOPW6cUtbcwrP","Because they get hurt so badly it's hard to let it go. When they feel like someone else has done something that is unforgiveable."
"239","R_O9ZQq1iPdVqXdjX","When they don't get there way, for some reason. Which is narcissistic and inappropriate. They could also hold grudges for reason on which they deserve to do so."
"240","R_3PChpMfVpBu3Tfr","For slights they feel were done to them or to those they have close personal relationships with."
"241","R_bBFk2jNhcFINxuh","typically its out of anger and frustration from being slighted in the past."
"242","R_1feFTW4ASEfh0Xd","different people have different reasons 
"
"243","R_CZUWuwCiYApHYEp","Paranoia, pettiness, and wanting to punish the other person."
"244","R_3NFdDyRhT7iaK64","When someone does something bad to them or behaves not as they wish."
"245","R_2UfJKNmmNfYZWry","When they feel like the person who caused the wrong doesn't acknowledge the wrong they did."
"246","R_3EWRvluwNSv0PHS","When someone has wronged i in some way, anger is a natural reaction. If what happened is especially painful  or if the person who hurt we is unwilling to take responsibility we are may start to form a grudge against that person."
"247","R_1ghGLMFvaqavxMT","I would hold a grudge, if as mentioned before, the person intentionally caused me harm. If this person continued to do this action knowing full well that it would emotionally damage me and then went through with it anyway. If the intent is malicious or completely disregards my feelings, I would definitely hold a grudge."
"248","R_2zutCNf6dr2TsZ3","If someone does them wrong, lied ,stole. Someone takes someone's boy/girlfriend. Made something up about them,stole money"
"249","R_3rOEcib2DSQaLVN","When they feel cheated, backstabbed or done the worst to"
"250","R_3kH7Jby49O9LG6s","I have only ever held a grudge against people who have harmed children close to me or children in retrospect. I will always hold grudges against horrible people like this."
"251","R_2A0G4Csby2C1Sw3","Other people causing emotional damage to a relationship"
"252","R_1rjBv5k00JWmVS8","When their feelings are intensely hurt or their livelihood is endangered."
"253","R_DzS2BTRDWNaj89X","I believe they hold grudges because their feelings have been hurt or are embarrassed or ashamed of something not haaving their own way."
"254","R_3smofuS8hQm38cU","If they feel wronged against"
"255","R_26lP0kTtiX1cqje","People typically hold grudges to make noticeable they're angry"
"256","R_2QuMK66yNDyLyAx","People hold grudges when they were hurt by someone's actions, typically because they expected something more positive and closer to what they wanted/expected. Often is caused because they felt their trust was broken."
"257","R_25vIsaATrTRK08w","People typically hold grudges for people that have wronged them in anyway. It's a good coping mechanism to be able to throw some of your negative emotions off onto a target. In this case it's the person you hold your grudge against."
"258","R_1gi5UYZwk7sD1eU","I am not one to hold grudges unless the person does me or my family harm. For example i will never forgive and always hold a grudge against the man that killed my sister and got away with it."
"259","R_DOCpJKrjgFhHRXX","People hold grudges because they're hurt. Something hs been done to them but a specific person, and they're disgusted by them and the anguish they caused them. So much so, that they essentially cut them out of their lives."
"260","R_3F5aCNUXr8qDFT4","because they feel they have been wronged"
"261","R_3MJz1ZtvoipJJA0","because they thing the other person harmed them on purpose"
"262","R_1IQO6uqSO8wEa3K","at the moment when someone cheated / lied to us or did something negative for us."
"263","R_1dFYm2XhVD2Hgwj","over disputes or arguments, and not resolving them"
"264","R_1JDYH0ZuvkQSbKn","People hold grudges because they have been wronged by someone, and the offense the person committed was unforgivable and an apology from the person would not make things better."
"265","R_2rOAkuu3YYSkvNB","I imagine that people feel wounded or betrayed and holding on to a grudge may feel like an appropriate punishment/reaction to the offense. The alternative, to simply let go and forgive, may not feel sufficient because it perhaps could be seen as the person allowing themselves to be taken advantage of or not holding the other person accountable for their actions."
"266","R_1QthCZUZx4RmDrV","When people feel theyve been wronged"
"267","R_3kcRuIfrr2d8xih","typically cuz they feel like being insulted"
"268","R_viguJrdHA38n95L","People often get stuck in the cycle of holding grudges."
"269","R_3lWiTv4p2yn1wFc","So they can have a sweet revenge! Or simply because they want to learn how to overcome grudges through faith and other personal improvement."
"270","R_27pX5oXzc7UKZnP","I think people typically hold grudges when they perceive they have been irrevocably wronged. They let their anger fester over something small and it grows to the point that even the original situation is distorted in their memories. Sometimes it is miscommunication that causes it. Other times it is something so long forgotten that no one remembers what caused it to begin with. A real grudge can be held if a person where physically or emotionally scarred by an event."
"271","R_1OTUQDJB4vUit2P","People hold grudges because they can't get over the way they were made to feel in a previous encounter. They may or may not have trouble forgiving but, even if they do forgive, they may still hold the grudge as a safety mechanism to prevent future ""pain""."
"272","R_RqMP9ybaNWA7AAx","They can't let go of the past and have a lack of closure and understanding over what happened."
"273","R_3dDOe3nozEd8N0i","You hold a grudge if you feel wronged."
"274","R_23gJfamZutZ4KJl","money reasons, embarrasments, feelings, family problems, theft"
"275","R_VUqv4pPJdWmyRZ7","they may in a situation that is not the right place to release their angry."
"276","R_2dYieYWeVMN3TFR","They feel that they are continually wronged by a person."
"277","R_wYvd4FlOCS2XqkF","People hold grudges when they're jealous of someone or what that person accomplishes."
"278","R_1gCJDuCyIGBcvmq","When they felt cheated or abuse"
"279","R_3OjOyMlI4MbCySY","For some perceived wrong done to them by another person or group that has not resulted in an apology or amends made."
"280","R_2CfwymlHA9JsBJP","A betrayal or an infidelity"
"281","R_SPfpn9gUsBQrH8d","because they had one expectation going into something and something was changed that caused that not to be what actually happened."
"282","R_1i591l4ynN5Dh5m","When I get hurt emotionally or physically"
"283","R_2dAVkdHzt3qaCaw","When they think they are right"
"284","R_28Y1bvcziyl3LIl","When they feel someone has done them wrong."
"285","R_24FYgboqHGC7Tby","People tend to hold grudges when they feel they are wronged, but from experience this is usually from their perspective and they have not considered all of the details or sides of the situation. It also depends on the severity of the damage caused. If the damage incurred is great, then it's easier to hold onto a grudge."
"286","R_qI4LHHJSIQa2JzP","Because there is a situation that overcomes"
"287","R_32QPA2NDIeNy33s","they have history"
"288","R_2zZT6XPjt8MYxD6","Many people  hold grudges deep ones that  can last  a lifetime.Why do we hold  grudges  when they are in fact quite  painful to  maintain and often  seem to  work ...
"
"289","R_XRkFg5qHyaYUFgJ","They are the victim of circumstance."
"290","R_3iKHkB2jpSEGWhG","Some are just jealous.
Some are just holding grudges because of what they heard about the fellow"
"291","R_Z7S0Z7IDiLL80M1","I think people hold often  grudges because they are jealous of others and want to bring them down to their level."
"292","R_r2Z8AzYHVGUkUWB","People typically hold grudges over mean things others have said or their actions like betraying their trust."
"293","R_qI61GAYy15e7PTb","Yes they do. However, in most situations they don't settle up in full. For example even when 2 or more people who hold grudges settle up in physical, they still end up having internal feeling and do not forget about such grudge."
"294","R_UAdLWt1NEeUn6s9","For being done wrong"
"295","R_eXSYtEiGDyHrSdr","People hold grudges for as many reasons as there are people.  My grandfather didn't speak to his own brother for many years until he died over a canasta game.  People decide someone did them wrong and there ya go - a grudge.  They don't stop to think about what part they themselves played in this little drama.  It's always the other guy's fault.  People like to be victims and they like to stay victims."
"296","R_24NqHarZuI2cohm","if they are lied to taken advantage of  physically and or emtionally hurt really bad"
"297","R_wUcbLLwZwepnDGh","They get mad at the outcome of something or typically hold jealousy over someone."
"298","R_XiSCtEIur1wdrUZ","when they expect  something from someone and that expectation hasn't been fulfilled"
"299","R_2QoBllU0ZOIaqqY","People typically hold grudges when that person has done something to them to make them angry or resentful."
"300","R_333xdzTr1StV4IR","Because they feel another individual, group, or entity has harmed them in some way, especially emotionally or mentally, but even physically."
"301","R_1BW4wKvdU5cxpSU","Someone is too stubborn to admit they were in the wrong or are too stubborn to communicate and talk about the problem."
"302","R_3HGqr6sdbl6GPdW","When someone has wronged me in some way, anger is a natural reaction"
"303","R_1IuAnxaGfHYpItF","When people expect something from someone and that expectation hasn't been fulfilled,"
"304","R_2uqx0fQyCp4fpam","When I fell   that someone has wronged with me in some way."
"305","R_PHW5sNQBoQDGxEt","they feel wronged by the other person and they think it is a situation that has no real resolution"
"306","R_DPtcIk5DgldJlZf","When they feel wronged by someone else."
"307","R_1f2QXT4R5xxgceF","Someone failed to meet their expectations continuously and communication surrounding the issue has shut down."
"308","R_yDBfdKMr2V7zb8t","I hold grudges against people who wrong myself or others with no remorse or intent to change themselves."
"309","R_3lrJhEIvTZ43XR8","for money or their feelings getting hurt"
"310","R_33xO2qEkGj63B8p","When they feel like they got treated unfairly or got caught committing an action they shouldn't of have."
"311","R_1q4eT0nBqRQjUrE","Any reason. It's hard to make a blanket statement. Some people are more easily offended than others and some people have more tolerance than others. Typically you would hold a grudge on someone who has severely wronged you in some way and shows no willingness to change."
"312","R_2qlUm16lRfAoLHc","They have been hurt, possibly repeatedly, by a person. This hurt could stem from a breach of trust, constant fighting, embarrassment, etc."
"313","R_2q1mkTpkAGIYa2s","when people have reasons to hold them such as being hurt before and wanting to avoid it from that person again"
"314","R_1OV1sGbM5b9BXKp","Because they are unable to accept any other outcome than the one they wanted."
"315","R_26fiYeF60S4D3Yp","The anger is invigorating."
"316","R_3rSavq0k7Sa2ToR","to get even"
"317","R_U9qVMEifirWC2m5","If they felt they or their lives were negatively impacted by another person's actions and there were not proper apologies or actions made to rectify the situation."
"318","R_Diw81stNkxOzxv3","They are hurt by something someone said or did."
"319","R_3pgnqdUkWvA2pJK","I believe people hold grudges because in there mind, they don't weren't happy with the overall overcome of they way something ended"
"320","R_3konpTIjOAfMArJ","Personal betrayal"
"321","R_2YSeeSnAs66TnuP","It can’t be easily forgiven and they are hurt mentally or physically."
"322","R_3MlpHnrRM3sw2yA","Because the person holding the grudge thinks the other party ""ruined their life"" or did something so bad they just can't forgive/forget."
"323","R_3O1xFHTn7J4fHNI","Being wronged, often romantically."
"324","R_3hlsZE6hxAVEQgw","when they need to remember why they should hold back trust toward someone"
"325","R_3KTneBz1VuNyySU","Because they were hurt and it will take time to heal from it so it's kind of like a residual hurt"
"326","R_30war2nAEkQKCpM","If they’re not ready to forgive someone"
"327","R_2pWVHrn70kC8BTF","it's a way of dealing with negative emotions that aren't resolved, and offers protection against future hurt?"
"328","R_21h4GFv6NG4Jk2n","When they can't forgive and forget. When they don't allow time to heal their wounds. When they don't want to heal."
"329","R_2rDvn2d5Qo8O7PM","Maybe because of entitlement or pride. I think people might hold a grudge because they feel disrespected or as if they shouldn't ever go through things in life. When other people do these things to them, they may harbor ill feelings towards the said other."
"330","R_1mmjsJNQiPIarzk","They're jealous or they feel the need to be even"
"331","R_vjYiAc8JGzQsCIN","Having been slighted by the other individual, anything from something relatively minor to a deeply traumatizing experience. It affected the grudge-holding person on a very profound and personal level."
"332","R_2ebt0kx2il7YFih","When they are very upset about something that didn't go their way and they feel they were not appropriately apologized to or someone didn't make up enough with them to correct what was done wrong."
"333","R_294yiF5CrziQBAA","Because someone does something perceived as hurtful or wrong to that person"
"334","R_1mw7tqfy0sL1A8K","When the other person betrays their trust, lies to them, or harms them in any way."
"335","R_3MAaqZ1WfIiKZbk","Typically people hold grudges against people or situations when they have been hurt or disrespected significantly by them."
"336","R_3g11DwRiuEZlh6G","Any and every reason."
"337","R_2PbRrgi8v99dAhb","If they feel like the person deserves it."
"338","R_dgPzrqwDyAm8P05","People hold grudges because they can't forgive the person who has wronged them."
"339","R_6X76FSPmg351fKF","People hold grudges if they were emotionally hurt by someone."
"340","R_3GfEEfvnBvMFKlj","For the sake of hurt"
"341","R_1EhVzvHu6YuELtE","Yes"
"342","R_2EbYSIP971Aqp8x","They are holding onto the past and still upset about whatever happened."
"343","R_yOQ9w9YKU4yNMHL","They feel like they have been wronged."
"344","R_2uNTYuWIAGmQKB9","When they feel like they have been wronged by a person or a group and can't get over it."
"345","R_abjQy8hK4eeX5cJ","Because of something bad that is done by someone and can not forgive what happened"
"346","R_2yfwpFMfl1X1wGh","When they have been purposely wronged by someone."
"347","R_09fNANUTpYSh01r","They are upset and want to project their feelings onto others."
"348","R_3FQlbih994aJvZ9","very many"
"349","R_2qdwIpvo6gr4dbf","When someone is hurt in some way, they hold grudges."
"350","R_tDlS6jPG48SZdMB","They are upset at something someone has done that effected them."
"351","R_1gShNsxflriu4Ap","Usually for things that have harmed them emotionally."
"352","R_2SJDysEvK5DYujR","Because someone did something to them that upset them or hurt them in some way and they are holding a grudge until they get even or forever."
"353","R_1gGCU6QBPtUt1fU","I think people usually hold grudges when someone has offended or hurt them."
"354","R_D94LUqoQksELZ85","When they feel like they have been wronged and that it has not been corrected."
"355","R_NXZVHkhDZQ9hewN","Spite"
"356","R_1cU6q0TYqzrRmJj","They have felt that they were hurt or let down by someone and that the other person intentionally and carelessly caused these feelings."
"357","R_1pSZVW6TQlrHOIj","they cannot let go"
"358","R_2CsoB6N3ioeNUIS","When they feel wronged or betrayed and want retribution"
"359","R_33r83fL5PSFHzDT","People feel entitled and want revenge when their pride is hurt."
"360","R_232GKuOxpWBDWXi","People may hold grudges as a form of self-defense and protection from further wrongs by a person."
"361","R_24ctuSIVv4jVPpA","They can't forgive or forget the action another person took. They remain angry, upset, or hurt."
"362","R_3KMDlT5Kqp7bKV7","Anger basically."
"363","R_1LFPjW0WWjUCWnj","When someone did something that really hurt them"
"364","R_1ghDZh4oS4P2bAa","People typically hold grudges when someone has betrayed their trust in some type of way."
"365","R_2OGW2kSpDQia7fi","When people feel anger towards others for something they did"
"366","R_yKhaR0g9jP5xgcx","The most irrational reasons, for reasons that stem from our emotions."
"367","R_3EGpepYBatL11Nd","Severe breaches of moral expectations, without any attempt to redress the grievance."
"368","R_wLVTw1WfE3NfTwt","People hold grudges because they can't get past the hurt someone has caused them."
"369","R_2Vf4wLrNJ4ristn","People may hold a grudge if they feel a conflict is unresolved or someone owes them something."
"370","R_3nMEVNYamk6NjDJ","People typically hold grudges when they feel they have been wronged."
"371","R_2dDNw8DAAnFX735","When they are hurt or wronged by others."
"372","R_UovRnlcxjJT65qN","Normally people tend to hold grudges when they are betrayed or lied to by their significant other or by close friends or family members."
"373","R_2axhvKLyoddEbY7","Usually people hold grudges because of what someone did. If someone did something that is unacceptable to another person, then they will hold a grudge."
"374","R_eFGIu2MzWaLkCZ3","Because they are upset and don't know how to process their feelings properly"
"375","R_2uKAsYtQicBA84V","They have chosen not to forgive someone for a perceived wrong done against them or someone close to them."
"376","R_1Lul3hSB1RE2RGr","People usually hold grudges when they are angry, and/or too stubborn to let things go."
"377","R_1Pe02saIzOw3gYM","to satisfy their want to put blame on someone or something."
"378","R_CmBojDofiGVmc2B","because someone did a wrong doing"
"379","R_3JKromXMz0tS7P2","Usually, they were treated poorly in a situation that could have been handled differently."
"380","R_3HCbSkj29cQpsmP","To get back against someone, or because they feel that they have been cheated by someone."
"381","R_8kvHiJlty52pRAJ","for reasons of drama, probably. there's a lot of grudges and spite out there that people like to hold on to because thye have nothing better to do with their lives"
"382","R_2TRVKxlSNNISOkk","When they are wronged, when they're hurt"
"383","R_3qvwUMlBuQbub6t","Because they feel betrayed and lose trust to let them in their circle again where they thought they were safe."
"384","R_3nJHWBr3ITzf9Pn","People typically hold grudges when they are hurt by someone else, and resent that person for what they did. Some people hold grudges more than others, I think it's all based on life experience. If someone has been let down more they might generally be more pessimistic and hold grudges more."
"385","R_UtZ7z2sL6Tv2XqV","Because they are losing something they typically would have had"
"386","R_wS6axwprAU0v3R7","They feel angry, betrayed, or let down"
"387","R_9FiFnum2NEHeWxb","People typically hold grudges when they are really hurt by the actions of others."
"388","R_3M9ksfMZ1BcAflS","I think when someone feels an incredible amount of pain or hurt they are more likely to hold a grudge. I think when the crime is so bad and it has caused so much hurt it makes it harder to not hold the grudge. When you see other people you love in pain it is also easier to hold the grudge."
"389","R_3DhIXvK2EPWIPvy","If they feel they have been wronged in a significant way"
"390","R_3sdLMDP1jJvDy90","They feel they have been wronged by someone without sufficient recompense or resolution"
"391","R_2zpFuKl81nPaNOn","Because they feel someone got away with something"
"392","R_1CkgIeMqN6Yycps","If someone feels like they've been wronged by someone else I feel like that makes them hold grudges. Typically it's something that causes them to get angry or mad at the person because of how they treated them or what they did."
"393","R_1JXcwHgKbUMuUVJ","People often hold grudges when they feel they have been wronged or treated unfairly."
"394","R_24IsVOiHHnBJoYE","I think people typically hold grudges because their expectations of someone are let down."
"395","R_2uJuycCy6b3hGDr","When they are fed up
When they dislike attitude of an individual 
When there a quarrel or misunderstanding 
People bottling up issues when they should voice out and resolve amicably."
"396","R_qQ8Uje07zhwkPlf","want to get even"
"397","R_RWdzBXj1mXFy9Wx","When someone has betrayed, hurt, or wronged them in some form or manner."
"398","R_2pQRaZc5kIusRsU","When they perceive someone wronged them."
"399","R_1la7y7vn8gGWnMt","Sense of harm to them (physically, emotionally, or psychologically)."
"400","R_274lmZB2oivlCbL","They don't want to forgive someone."
"401","R_XGkFhrwNzsaM6Ln","when people are not fair to me."
"402","R_2CVtl6K9beFHhN2","Someone disrespected them"
"403","R_2zISVNbyggtfpFy","unforgiving"
"404","R_1KjPR8FOPPQJCI9","They cannot let go of the past and they blame others for their shortcomings."
"405","R_3ma8PSOsz306763","I don't hold grudges, therefore I'm not sure why people hold grudges."
