Word,affect,posemo,negemo,anx,anger,sad,social,family,friend,female,male,cogproc,insight,cause,discrep,tentat,certain,differ,
friend,,,,,,,X,,X,,,,,,,,,
accidentally,,,,,,,,,,,,,,,,,,
hurts,X,,X,,,X,,,,,,,,,,,,
feelings,,,,,,,,,,,,X,X,,,,,
na,,,,,,,,,,,,,,,,,,
you,,,,,,,X,,,,,,,,,,,
shouldn't,,,,,,,,,,,,X,,,X,,,
hold,,,,,,,,,,,,,,,,,,
a,,,,,,,,,,,,,,,,,,
grudge,X,,X,,X,,X,,,,,,,,,,,
over,,,,,,,,,,,,,,,,,,
something,,,,,,,,,,,,X,,,,X,,
petty,X,,X,,X,,,,,,,,,,,,,
like,,,,,,,,,,,,,,,,,,
not,,,,,,,,,,,,X,,,,,,X
getting,,,,,,,,,,,,,,,,,,
back,,,,,,,,,,,,,,,,,,
10,,,,,,,,,,,,,,,,,,
were,,,,,,,,,,,,,,,,,,
promised,X,X,,,,,,,,,,X,,,,,X,
if,,,,,,,,,,,,X,,,X,X,,X
someone,,,,,,,X,,,,,X,,,,X,,
acknowleges,,,,,,,,,,,,,,,,,,
this,,,,,,,,,,,,,,,,,,
mistakes,X,,X,,,,,,,,,X,,,X,,,
and,,,,,,,,,,,,,,,,,,
sincerely,X,X,,,,,,,,,,,,,,,,
apologies,,,,,,,X,,,,,,,,,,,
has,,,,,,,,,,,,,,,,,,
beaten,X,,X,,X,,,,,,,,,,,,,
in,,,,,,,,,,,,,,,,,,
fair,X,X,,,,,,,,,,,,,,,,
competition,,,,,,,,,,,,,,,,,,
or,,,,,,,,,,,,X,,,,X,,X
due,,,,,,,,,,,,,,,,,,
to,,,,,,,,,,,,,,,,,,
chance,,,,,,,,,,,,X,,,,X,,
circumstance,,,,,,,,,,,,,,,,,,
where,,,,,,,,,,,,,,,,,,
it,,,,,,,,,,,,,,,,,,
is,,,,,,,,,,,,,,,,,,
wrong,X,,X,,,,,,,,,,,,,,,
one,,,,,,,,,,,,,,,,,,
an,,,,,,,,,,,,,,,,,,
act,,,,,,,,,,,,,,,,,,
was,,,,,,,,,,,,,,,,,,
unintentional,,,,,,,,,,,,,,,,,,
done,,,,,,,,,,,,,,,,,,
out,,,,,,,,,,,,,,,,,,
of,,,,,,,,,,,,,,,,,,
malice,,,,,,,,,,,,,,,,,,
negative,,,,,,,,,,,,,,,,,,
committed,,,,,,,,,,,,X,,,,,X,
by,,,,,,,,,,,,,,,,,,
who,,,,,,,X,,,,,,,,,,,
does,,,,,,,,,,,,,,,,,,
have,,,,,,,,,,,,,,,,,,
the,,,,,,,,,,,,,,,,,,
mental,,,,,,,,,,,,,,,,,,
faculties,,,,,,,,,,,,,,,,,,
be,,,,,,,,,,,,,,,,,,
deemed,,,,,,,,,,,,,,,,,,
socially,,,,,,,X,,,,,,,,,,,
responsible,,,,,,,,,,,,,,,,,,
unfair,X,,X,,,,,,,,,,,,,,,
incorrect,,,,,,,,,,,,,,,,,,
i,,,,,,,,,,,,,,,,,,
think,,,,,,,,,,,,X,X,,,,,
against,,,,,,,,,,,,X,,,,,,X
for,,,,,,,,,,,,,,,,,,
they,,,,,,,X,,,,,,,,,,,
didn't,,,,,,,,,,,,X,,,,,,X
do,,,,,,,,,,,,,,,,,,
that's,,,,,,,,,,,,,,,,,,
so,,,,,,,,,,,,,,,,,,
great,X,X,,,,,,,,,,,,,,,,
did,,,,,,,,,,,,,,,,,,
that,,,,,,,,,,,,,,,,,,
hurt,X,,X,,,X,,,,,,,,,,,,
me,,,,,,,,,,,,,,,,,,
but,,,,,,,,,,,,X,,,,,,X
ultimately,,,,,,,,,,,,,,,,,,
my,,,,,,,,,,,,,,,,,,
best,X,X,,,,,,,,,,,,,,,,
interest,X,X,,,,,,,,,,,,,,,,
would,,,,,,,,,,,,X,,,X,,,
person,,,,,,,X,,,,,,,,,,,
genuinely,,,,,,,,,,,,X,X,,,,,
remorseful,X,,X,,,X,,,,,,,,,,,,
actively,X,X,,,,,,,,,,,,,,,,
working,,,,,,,,,,,,,,,,,,
better,X,X,,,,,,,,,,,,,,,,
future,,,,,,,,,,,,,,,,,,
when,,,,,,,,,,,,,,,,,,
wronged,X,,X,,,,,,,,,,,,,,,
accidental,,,,,,,,,,,,,,,,,,
mistake,X,,X,,,,,,,,,X,,,X,,,
off,,,,,,,,,,,,,,,,,,
unlikely,,,,,,,,,,,,X,,,,X,,
occur,,,,,,,,,,,,,,,,,,
again,,,,,,,,,,,,,,,,,,
are,,,,,,,,,,,,,,,,,,
using,,,,,,,,,,,,X,,X,,,,
order,,,,,,,,,,,,,,,,,,
seek,,,,,,,,,,,,,,,,,,
vengeance,,,,,,,,,,,,,,,,,,
on,,,,,,,,,,,,,,,,,,
another,,,,,,,,,,,,,,,,,,
reason,,,,,,,,,,,,X,X,X,,,,
such,,,,,,,,,,,,,,,,,,
as,,,,,,,,,,,,,,,,,,
taking,,,,,,,,,,,,,,,,,,
item,,,,,,,,,,,,,,,,,,
wanted,,,,,,,,,,,,X,,,X,,,
always,,,,,,,,,,,,X,,,,,X,
albeit,,,,,,,,,,,,,,,,,,
sometimes,,,,,,,,,,,,X,,,,X,,
understandable,,,,,,,,,,,,X,X,,,,,
beyond,,,,,,,,,,,,,,,,,,
control,,,,,,,,,,,,X,,X,,,,
other,,,,,,,,,,,,X,,,,,,X
example,,,,,,,,,,,,,,,,,,
could,,,,,,,,,,,,X,,,X,,,
unintentionally,,,,,,,,,,,,,,,,,,
there,,,,,,,,,,,,,,,,,,
no,,,,,,,,,,,,,,,,,,
situation,,,,,,,,,,,,,,,,,,
harmless,X,,,,,,,,,,,,,,,,,
valid,,,,,,,,,,,,,,,,,,
their,,,,,,,X,,,,,,,,,,,
actions,,,,,,,,,,,,,,,,,,
harmed,X,,X,,,,,,,,,,,,,,,
intend,,,,,,,,,,,,X,,X,,,,
causes,,,,,,,,,,,,X,,X,,,,
your,,,,,,,X,,,,,,,,,,,
phone,,,,,,,X,,,,,,,,,,,
fall,,,,,,,,,,,,,,,,,,
edge,,,,,,,,,,,,,,,,,,
couch,,,,,,,,,,,,,,,,,,
being,,,,,,,,,,,,,,,,,,
sensitive,,,,,,,,,,,,,,,,,,
overly,,,,,,,,,,,,,,,,,,
sad,X,,X,,,X,,,,,,,,,,,,
makes,,,,,,,,,,,,X,,X,,,,
up,,,,,,,,,,,,,,,,,,
with,,,,,,,,,,,,,,,,,,
things,,,,,,,,,,,,,,,,,,
right,,,,,,,,,,,,,,,,,,
tries,,,,,,,,,,,,,,,,,,
should,,,,,,,,,,,,X,,,X,,,
accident,,,,,,,,,,,,,,,,,,
purpose,,,,,,,,,,,,X,,X,,,,
acknowledge,,,,,,,,,,,,X,X,,,,,
whether,,,,,,,,,,,,X,,,,,,X
apologize,,,,,,,X,,,,,,,,,,,
doesn't,,,,,,,,,,,,,,,,,,
serve,,,,,,,,,,,,,,,,,,
small,,,,,,,,,,,,,,,,,,
aren't,,,,,,,,,,,,X,,,,,,X
really,,,,,,,,,,,,X,,,,,,X
affected,,,,,,,,,,,,X,,X,,,,
seems,,,,,,,,,,,,X,X,,,X,,
weird,X,,X,,,,,,,,,,,,,,,
just,,,,,,,,,,,,,,,,,,
more,,,,,,,,,,,,,,,,,,
damage,X,,X,,,,,,,,,,,,,,,
believe,,,,,,,,,,,,X,X,,,,,
action,,,,,,,,,,,,,,,,,,
performed,,,,,,,,,,,,,,,,,,
ignorance,,,,,,,,,,,,,,,,,,
kid,,,,,,,X,,,,,,,,,,,
make,,,,,,,,,,,,X,,X,,,,
insensitive,,,,,,,,,,,,,,,,,,
comment,,,,,,,X,,,,,,,,,,,
adult,,,,,,,X,,,,,,,,,,,
gum,,,,,,,,,,,,,,,,,,
from,,,,,,,,,,,,,,,,,,
given,,,,,,,,,,,,,,,,,,
promotion,,,,,,,,,,,,,,,,,,
deservedly,,,,,,,,,,,,,,,,,,
beat,,,,,,,,,,,,,,,,,,
square,,,,,,,,,,,,,,,,,,
there's,,,,,,,,,,,,,,,,,,
minor,,,,,,,,,,,,,,,,,,
offenses,X,,X,,X,,,,,,,,,,,,,
don't,,,,,,,,,,,,,,,,,,
matter,,,,,,,,,,,,,,,,,,
much,,,,,,,,,,,,,,,,,,
grand,X,X,,,,,,,,,,,,,,,,
scheme,,,,,,,,,,,,,,,,,,
people,,,,,,,X,,,,,,,,,,,
little,,,,,,,,,,,,,,,,,,
impact,,,,,,,,,,,,,,,,,,
life,,,,,,,,,,,,,,,,,,
some,,,,,,,,,,,,X,,,,X,,
random,,,,,,,,,,,,X,,,,X,,
rude,X,,X,,X,,,,,,,,,,,,,
subway,,,,,,,,,,,,,,,,,,
it's,,,,,,,,,,,,,,,,,,
worth,,,,,,,,,,,,,,,,,,
stress,X,,X,X,,,,,,,,,,,,,,
animosity,,,,,,,,,,,,,,,,,,
you'll,,,,,,,X,,,,,,,,,,,
probably,,,,,,,,,,,,X,,,,X,,
never,,,,,,,,,,,,X,,,,,X,
see,,,,,,,,,,,,,,,,,,
all,,,,,,,,,,,,X,,,,,X,
them,,,,,,,X,,,,,,,,,,,
useless,X,,X,,,X,,,,,,,,,,,,
way,,,,,,,,,,,,,,,,,,
been,,,,,,,,,,,,,,,,,,
affects,,,,,,,,,,,,X,,X,,,,
short,,,,,,,,,,,,,,,,,,
term,,,,,,,,,,,,,,,,,,
plans,,,,,,,,,,,,,,,,,,
last,,,,,,,,,,,,,,,,,,
bagel,,,,,,,,,,,,,,,,,,
matters,,,,,,,,,,,,,,,,,,
placing,,,,,,,,,,,,,,,,,,
blame,X,,X,,X,,X,,,,,,,,,,,
holding,,,,,,,,,,,,,,,,,,
because,,,,,,,,,,,,X,,X,,,,
buy,,,,,,,,,,,,,,,,,,
gift,,,,,,,,,,,,,,,,,,
same,,,,,,,,,,,,,,,,,,
amount,,,,,,,,,,,,,,,,,,
spent,,,,,,,,,,,,,,,,,,
stupid,X,,X,,X,,,,,,,,,,,,,
prank,,,,,,,,,,,,,,,,,,
made,,,,,,,,,,,,X,,X,,,,
joke,X,X,,,,,,,,,,,,,,,,
didn't like,X,X,,,,,,,,,,,,,,,,
cause,,,,,,,,,,,,X,,X,,,,
any,,,,,,,,,,,,X,,,,X,,
harm,X,,X,,,,,,,,,,,,,,,
honest,X,X,,,,,,,,,,,,,,,,
offers,,,,,,,X,,,,,,,,,,,
forgiveness,X,X,,,,,X,,,,,X,X,,,,,
retribution,,,,,,,,,,,,,,,,,,
still,,,,,,,,,,,,,,,,,,
gets,,,,,,,,,,,,,,,,,,
instead,,,,,,,,,,,,X,,,,,,X
extenuating,,,,,,,,,,,,,,,,,,
circumstances,,,,,,,,,,,,,,,,,,
fight,X,,X,,X,,X,,,,,,,,,,,
anything,,,,,,,,,,,,X,,,,X,,
relating,,,,,,,,,,,,X,X,,,,,
money,,,,,,,,,,,,,,,,,,
comes,,,,,,,,,,,,,,,,,,
goes,,,,,,,,,,,,,,,,,,
many,,,,,,,,,,,,,,,,,,
arguements,X,,X,,X,,X,,,,,,,,,,,
mine,,,,,,,,,,,,,,,,,,
position,,,,,,,,,,,,,,,,,,
provide,,,,,,,X,,,,,,,,,,,
employment,,,,,,,,,,,,,,,,,,
candidates,,,,,,,,,,,,,,,,,,
ends,,,,,,,,,,,,,,,,,,
choosing,,,,,,,,,,,,X,X,,,,,
than,,,,,,,,,,,,X,,,,,,X
he,,,,,,,X,,,,X,,,,,,,
she,,,,,,,X,,,X,,,,,,,,
fit,,,,,,,,,,,,,,,,,,
incident,,,,,,,,,,,,,,,,,,
reveal,,,,,,,,,,,,X,X,,,,,
pattern,,,,,,,,,,,,,,,,,,
behavior,,,,,,,,,,,,,,,,,,
injury,,,,,,,,,,,,,,,,,,
less,,,,,,,,,,,,,,,,,,
distress,X,,X,X,,,,,,,,,,,,,,
causing,,,,,,,,,,,,X,,X,,,,
acquaintance,,,,,,,X,,X,,,,,,,,,
regularly,,,,,,,,,,,,,,,,,,
choose,,,,,,,,,,,,X,X,,,,,
interact,,,,,,,X,,,,,,,,,,,
dealing,,,,,,,,,,,,,,,,,,
child,,,,,,,X,,,,,,,,,,,
intellectual,X,X,,,,,,,,,,,,,,,,
disability,,,,,,,,,,,,,,,,,,
truly,X,X,,,,,,,,,,X,,,,,X,
sorry,X,,X,,,X,,,,,,,,,,,,
parents,,,,,,,X,X,,,,,,,,,,
even,,,,,,,,,,,,,,,,,,
do not like,X,X,,,,,,,,,,,,,,,,
do not,,,,,,,,,,,,,,,,,,
intention,,,,,,,,,,,,X,,X,,,,
disagrees,X,,X,,,,,,,,,,,,,,,
religion,,,,,,,,,,,,,,,,,,
points,,,,,,,,,,,,,,,,,,
said,,,,,,,X,,,,,,,,,,,
we,,,,,,,X,,,,,,,,,,,
go,,,,,,,,,,,,,,,,,,
along,,,,,,,,,,,,,,,,,,
line,,,,,,,,,,,,,,,,,,
thinking,,,,,,,,,,,,X,X,,,,,
group,,,,,,,X,,,,,,,,,,,
project,,,,,,,,,,,,,,,,,,
wouldn't,,,,,,,,,,,,X,,,X,,,
okay,X,X,,,,,,,,,,,,,,,,
had,,,,,,,,,,,,,,,,,,
family,,,,,,,X,X,,,,,,,,,,
emergency,,,,,,,,,,,,,,,,,,
prevented,,,,,,,,,,,,,,,,,,
completing,,,,,,,,,,,,,,,,,,
part,,,,,,,,,,,,,,,,,,
upfront,,,,,,,,,,,,,,,,,,
about,,,,,,,,,,,,,,,,,,
case,,,,,,,,,,,,,,,,,,
they're,,,,,,,X,,,,,,,,,,,
trying,,,,,,,,,,,,X,,,,X,,
appropriate,,,,,,,,,,,,,,,,,,
live,,,,,,,,,,,,,,,,,,
let,,,,,,,,,,,,,,,,,,
necessary,,,,,,,,,,,,X,,,,,X,
respond,,,,,,,X,,,,,,,,,,,
grudges,X,,X,,X,,X,,,,,,,,,,,
burden,X,,X,,,,,,,,,,,,,,,
mind,,,,,,,,,,,,,,,,,,
perverts,X,,X,,,,,,,,,,,,,,,
acted,,,,,,,,,,,,,,,,,,
bad,X,,X,,,,,,,,,,,,,,,
ideology,,,,,,,,,,,,,,,,,,
can,,,,,,,,,,,,,,,,,,
him,,,,,,,X,,,,X,,,,,,,
doing,,,,,,,,,,,,,,,,,,
thing,,,,,,,,,,,,,,,,,,
also,,,,,,,,,,,,,,,,,,
must,,,,,,,,,,,,X,,,X,,X,
understand,,,,,,,,,,,,X,X,,,,,
cases,,,,,,,,,,,,,,,,,,
isolated,X,,X,,,X,,,,,,,,,,,,
scenarios,,,,,,,,,,,,,,,,,,
inconveniences,,,,,,,,,,,,,,,,,,
dishonest,,,,,,,,,,,,,,,,,,
get,,,,,,,,,,,,,,,,,,
job,,,,,,,,,,,,,,,,,,
time,,,,,,,,,,,,,,,,,,
roommate,,,,,,,X,,X,,,,,,,,,
continually,,,,,,,,,,,,,,,,,,
washing,,,,,,,,,,,,,,,,,,
dishes,,,,,,,,,,,,,,,,,,
evidence,,,,,,,,,,,,X,X,,,,,
support,X,X,,,,,,,,,,,,,,,,
rather,,,,,,,,,,,,X,,,X,,,X
waste,,,,,,,,,,,,,,,,,,
energy,X,X,,,,,,,,,,,,,,,,
cuts,,,,,,,,,,,,,,,,,,
traffic,,,,,,,,,,,,,,,,,,
happened,,,,,,,,,,,,,,,,,,
uncontrollable,X,,X,X,,,,,,,,,,,,,,
suitor,,,,,,,,,,,,,,,,,,
ex-girlfriend,,,,,,,X,,X,,,,,,,,,
ex,,,,,,,X,,,,,,,,,,,
friends,,,,,,,X,,X,,,,,,,,,
why,,,,,,,,,,,,X,,X,,,,
guys,,,,,,,X,,X,,X,,,,,,,
meant,,,,,,,,,,,,X,X,,,,,
together,,,,,,,X,,,,,,,,,,,
what,,,,,,,,,,,,,,,,,,
messed,,,,,,,,,,,,,,,,,,
hate,X,,X,,X,,,,,,,,,,,,,
her,,,,,,,X,,,X,,,,,,,,
romantic,X,X,,,,,,,,,,,,,,,,
partner,,,,,,,X,,X,,,,,,,,,
agreed,X,X,,,,,,,,,,,,,,,,
very,,,,,,,,,,,,,,,,,,
unable,,,,,,,,,,,,,,,,,,
follow,,,,,,,,,,,,,,,,,,
through,,,,,,,,,,,,,,,,,,
commitment,,,,,,,,,,,,X,,,,,X,
taken,,,,,,,,,,,,,,,,,,
correct,,,,,,,,,,,,X,,,,,X,
once,,,,,,,,,,,,,,,,,,
left,,,,,,,,,,,,,,,,,,
our,,,,,,,X,,,,,,,,,,,
office,,,,,,,,,,,,,,,,,,
unlocked,,,,,,,,,,,,,,,,,,
after,,,,,,,,,,,,,,,,,,
leave,,,,,,,,,,,,,,,,,,
reprimanded,,,,,,,,,,,,,,,,,,
respectfully,X,X,,,,,,,,,,,,,,,,
took,,,,,,,,,,,,,,,,,,
steps,,,,,,,,,,,,,,,,,,
ensure,,,,,,,,,,,,,,,,,,
happen,,,,,,,,,,,,,,,,,,
boss,,,,,,,,,,,,,,,,,,
involves,,,,,,,X,,,,,,,,,,,
forgetting,,,,,,,,,,,,,,,,,,
bring,,,,,,,,,,,,,,,,,,
co-workers,,,,,,,X,,,,,,,,,,,
coffee,,,,,,,,,,,,,,,,,,
happens,,,,,,,,,,,,,,,,,,
accidents,,,,,,,,,,,,,,,,,,
long,,,,,,,,,,,,,,,,,,
additionally,,,,,,,,,,,,,,,,,,
isn't,,,,,,,,,,,,X,,,,,,X
indicative,,,,,,,,,,,,,,,,,,
insignificant,,,,,,,,,,,,,,,,,,
negatively,,,,,,,,,,,,,,,,,,
intrigues,,,,,,,,,,,,,,,,,,
feel,,,,,,,,,,,,X,X,,,,,
offending,X,,X,,X,,,,,,,,,,,,,
party,X,X,,,,,X,,,,,,,,,,,
already,,,,,,,,,,,,,,,,,,
asked,,,,,,,X,,,,,,,,,,,
offered,,,,,,,X,,,,,,,,,,,
shown,,,,,,,,,,,,,,,,,,
true,X,X,,,,,,,,,,X,,,,,X,
contrition,,,,,,,,,,,,,,,,,,
regards,,,,,,,,,,,,,,,,,,
at,,,,,,,,,,,,,,,,,,
perceived,,,,,,,,,,,,X,X,,,,,
false,,,,,,,,,,,,,,,,,,
slight,,,,,,,,,,,,,,,,,,
only,,,,,,,,,,,,,,,,,,
object,,,,,,,,,,,,,,,,,,
ire,,,,,,,,,,,,,,,,,,
though,,,,,,,,,,,,X,,,,,,X
will,,,,,,,,,,,,,,,,,,
say,,,,,,,X,,,,,,,,,,,
i've,,,,,,,,,,,,,,,,,,
seen,,,,,,,,,,,,,,,,,,
purposely,,,,,,,,,,,,X,,X,,,,
avoid,X,,X,X,,,,,,,,,,,,,,
closure,,,,,,,,,,,,X,X,,,,,
acceptance,X,X,,,,,,,,,,X,X,,,,,
keep,,,,,,,,,,,,,,,,,,
definitely,X,X,,,,,,,,,,X,,,,,X,
reflect,,,,,,,,,,,,X,X,,,,,
idea,,,,,,,,,,,,X,X,,,,,
anger,X,,X,,X,,,,,,,,,,,,,
addictive,,,,,,,,,,,,,,,,,,
scary,X,,X,X,,,,,,,,,,,,,,
held,,,,,,,,,,,,,,,,,,
until,,,,,,,,,,,,,,,,,,
wrongdoing,X,,X,,,,,,,,,,,,,,,
refuses,,,,,,,X,,,,,,,,,,,
change,,,,,,,,,,,,X,,X,,,,
ways,,,,,,,,,,,,,,,,,,
might,,,,,,,,,,,,X,,,,X,,
misunderstanding,,,,,,,,,,,,X,X,,,,,
regrets,X,,X,,,X,,,,,,X,,,X,,,
genuine,,,,,,,,,,,,X,X,,,,,
i.e.,,,,,,,,,,,,,,,,,,
sister,,,,,,,X,X,,X,,,,,,,,
ate,,,,,,,,,,,,,,,,,,
sandwich,,,,,,,,,,,,,,,,,,
knowing,,,,,,,,,,,,X,X,,,,,
yours,,,,,,,X,,,,,,,,,,,
meaning,,,,,,,,,,,,X,X,,,,,
may,,,,,,,,,,,,X,,,,X,,
maybe,,,,,,,,,,,,X,,,,X,,
twice,,,,,,,,,,,,,,,,,,
don't like,X,X,,,,,,,,,,,,,,,,
real,,,,,,,,,,,,,,,,,,
good,X,X,,,,,,,,,,,,,,,,
trouble,X,,X,,,,,,,,,,,,,,,
disagreement,X,,X,,,,,,,,,,,,,,,
every,,,,,,,,,,,,X,,,,,X,
while,,,,,,,,,,,,,,,,,,
playing,X,X,,,,,,,,,,,,,,,,
game,,,,,,,X,,,,,,,,,,,
thought,,,,,,,,,,,,X,X,,,,,
funny,X,X,,,,,,,,,,,,,,,,
ended,,,,,,,,,,,,,,,,,,
hurting,X,,X,,,X,,,,,,,,,,,,
intentionally,,,,,,,,,,,,X,,X,,,,
important,X,X,,,,,,,,,,,,,,,,
harms,X,,X,,,,,,,,,,,,,,,
seeks,,,,,,,,,,,,,,,,,,
nothing,,,,,,,,,,,,X,,,,,X,
problem,X,,X,,,,,,,,,X,,,X,,,
serious,X,,X,,,,,,,,,,,,,,,
argument,X,,X,,X,,X,,,,,,,,,,,
having,,,,,,,,,,,,,,,,,,
various,,,,,,,,,,,,,,,,,,
ideals,X,X,,,,,,,,,,X,,,X,,,
wararntlessly,,,,,,,,,,,,,,,,,,
work,,,,,,,,,,,,,,,,,,
clearly,,,,,,,,,,,,X,,,,,X,
situations,,,,,,,,,,,,,,,,,,
forgive,X,X,,,,,X,,,,,X,X,,,,,
jesus,,,,,,,,,,,,,,,,,,
forgave,X,X,,,,,X,,,,,X,X,,,,,
us,,,,,,,X,,,,,,,,,,,
almost,,,,,,,,,,,,X,,,,X,,
ok,X,X,,,,,,,,,,,,,,,,
solve,,,,,,,,,,,,X,X,X,,,,
reasons,,,,,,,,,,,,X,X,X,,,,
its,,,,,,,,,,,,,,,,,,
which,,,,,,,,,,,,,,,,,,
offended,X,,X,,X,,,,,,,,,,,,,
apologized,,,,,,,X,,,,,,,,,,,
upset,X,,X,X,,,,,,,,,,,,,,
sonmeone,,,,,,,,,,,,,,,,,,
down,,,,,,,,,,,,,,,,,,
external,,,,,,,,,,,,,,,,,,
persons,,,,,,,X,,,,,,,,,,,
late,,,,,,,,,,,,,,,,,,
b's,,,,,,,,,,,,,,,,,,
birthday,,,,,,,,,,,,,,,,,,
car,,,,,,,,,,,,,,,,,,
front,,,,,,,,,,,,,,,,,,
got,,,,,,,,,,,,,,,,,,
stuck,,,,,,,,,,,,,,,,,,
couldn't,,,,,,,,,,,,X,,,X,,,
call,,,,,,,X,,,,,,,,,,,
then,,,,,,,,,,,,,,,,,,
b,,,,,,,,,,,,,,,,,,
especially,,,,,,,,,,,,X,,,,,X,
apologises,,,,,,,X,,,,,,,,,,,
missing,X,,X,,,X,,,,,,,,,,,,
event,,,,,,,,,,,,,,,,,,
instance,,,,,,,,,,,,,,,,,,
meeting,,,,,,,X,,,,,,,,,,,
special,X,X,,,,,,,,,,,,,,,,
communicate,,,,,,,X,,,,,,,,,,,
heal,X,X,,,,,,,,,,,,,,,,
normally,,,,,,,,,,,,X,,,X,,,
lead,,,,,,,,,,,,X,,X,,,,
accepted,X,X,,,,,,,,,,X,X,,,,,
apology,,,,,,,X,,,,,,,,,,,
well,X,X,,,,,,,,,,,,,,,,
intentioned,,,,,,,,,,,,X,,X,,,,
ask,,,,,,,X,,,,,,,,,,,
coworker,,,,,,,X,,,,,,,,,,,
help,,,,,,,X,,,,,,,,,,,
can't,,,,,,,,,,,,X,,,,,,X
find,,,,,,,,,,,,X,X,,,,,
lots,,,,,,,,,,,,X,,,,X,,
timeframe,,,,,,,,,,,,,,,,,,
possibly,,,,,,,,,,,,X,,,,X,,
tough,X,,,,,,,,,,,,,,,,,
choice,,,,,,,,,,,,X,X,,,,,
trivial,X,,X,,,,,,,,,,,,,,,
cutting,,,,,,,,,,,,,,,,,,
they've,,,,,,,X,,,,,,,,,,,
years,,,,,,,,,,,,,,,,,,
ago,,,,,,,,,,,,,,,,,,
angry,X,,X,,X,,,,,,,,,,,,,
lover,X,X,,,,,X,,X,,,,,,,,,
ex-boyfriend,,,,,,,X,,X,,,,,,,,,
asking,,,,,,,X,,,,,,,,,,,
date,,,,,,,X,,X,,,,,,,,,
later,,,,,,,,,,,,,,,,,,
couple,,,,,,,,,,,,,,,,,,
broke,X,,X,,,X,,,,,,,,,,,,
high,,,,,,,,,,,,,,,,,,
school,,,,,,,,,,,,,,,,,,
disliked,X,,X,,,,,,,,,,,,,,,
wore,,,,,,,,,,,,,,,,,,
know,,,,,,,,,,,,X,X,,,,,
intentional,,,,,,,,,,,,X,,X,,,,
chose,,,,,,,,,,,,,,,,,,
issues,,,,,,,,,,,,,,,,,,
reverse,,,,,,,,,,,,,,,,,,
doesnt,,,,,,,,,,,,,,,,,,
dont,,,,,,,,,,,,,,,,,,
past,,,,,,,,,,,,,,,,,,
neither,,,,,,,,,,,,X,,,,,,X
differently,,,,,,,,,,,,X,,,,,,X
benefit,X,X,,,,,,,,,,,,,,,,
either,,,,,,,,,,,,X,,,,,,X
tame,,,,,,,,,,,,,,,,,,
am,,,,,,,,,,,,,,,,,,
focus,,,,,,,,,,,,,,,,,,
sought,,,,,,,,,,,,X,X,,,,,
attempted,,,,,,,,,,,,,,,,,,
common,,,,,,,,,,,,,,,,,,
ground,,,,,,,,,,,,,,,,,,
peace,X,X,,,,,,,,,,,,,,,,
calling,,,,,,,X,,,,,,,,,,,
end,,,,,,,,,,,,,,,,,,
mess,X,,X,,,,,,,,,,,,,,,
want,,,,,,,,,,,,X,,,X,,,
successful,X,X,,,,,,,,,,,,,,,,
both,,,,,,,,,,,,,,,,,,
parties,X,X,,,,,X,,,,,,,,,,,
forgot,,,,,,,,,,,,,,,,,,
wish,,,,,,,,,,,,X,,,X,,,
happy,X,X,,,,,,,,,,,,,,,,
often,,,,,,,,,,,,X,,,,X,,
doughnut,,,,,,,,,,,,,,,,,,
name,,,,,,,X,,,,,,,,,,,
box,,,,,,,,,,,,,,,,,,
reading,,,,,,,,,,,,,,,,,,
emotions,X,,,,,,,,,,,,,,,,,
into,,,,,,,,,,,,,,,,,,
text,,,,,,,,,,,,,,,,,,
conversation,,,,,,,X,,,,,,,,,,,
completely,,,,,,,,,,,,X,,,,,X,
misinterpreted,,,,,,,,,,,,,,,,,,
hear,,,,,,,X,,,,,,,,,,,
how,,,,,,,,,,,,X,,X,,,,
willing,X,,,,,,,,,,,,,,,,,
terminate,,,,,,,,,,,,,,,,,,
relationship,,,,,,,X,,,,,,,,,,,
based,,,,,,,,,,,,X,,X,,,,
pervious,,,,,,,,,,,,,,,,,,
response,,,,,,,,,,,,X,,X,,,,
too,,,,,,,,,,,,,,,,,,
positivity,X,X,,,,,,,,,,X,,,,,X,
yourself,,,,,,,X,,,,,,,,,,,
wasn't,,,,,,,,,,,,X,,,,,,X
anyone's,,,,,,,X,,,,,X,,,,X,,
convenience,,,,,,,,,,,,,,,,,,
fault,X,,X,,,,,,,,,,,,,,,
outside,,,,,,,,,,,,,,,,,,
missed,X,,X,,,X,,,,,,,,,,,,
disagreements,X,,X,,,,,,,,,,,,,,,
mishaps,,,,,,,,,,,,,,,,,,
healthier,,,,,,,,,,,,,,,,,,
everyone,,,,,,,X,,,,,X,,,,,X,
released,,,,,,,,,,,,,,,,,,
within,,,,,,,,,,,,,,,,,,
themselves,,,,,,,X,,,,,,,,,,,
didnt,,,,,,,,,,,,X,,,,,,X
mean,,,,,,,,,,,,X,X,,,,,
slipped,,,,,,,,,,,,,,,,,,
ppl,,,,,,,X,,,,,,,,,,,
tried,,,,,,,,,,,,,,,,,,
station,,,,,,,,,,,,,,,,,,
messy,X,,X,,,,,,,,,,,,,,,
won,X,X,,,,,,,,,,,,,,,,
race,,,,,,,,,,,,,,,,,,
full,,,,,,,,,,,,,,,,,,
story,,,,,,,X,,,,,,,,,,,
else,,,,,,,,,,,,X,,,,,,X
since,,,,,,,,,,,,X,,X,,,,
firsthand,,,,,,,,,,,,,,,,,,
forgets,,,,,,,,,,,,,,,,,,
planned,,,,,,,,,,,,,,,,,,
opinion,,,,,,,,,,,,X,,,,X,,
arise,,,,,,,,,,,,,,,,,,
incidents,,,,,,,,,,,,,,,,,,
lasting,,,,,,,,,,,,,,,,,,
consequences,,,,,,,,,,,,X,,X,,,,
offender,X,,X,,X,,,,,,,,,,,,,
changed,,,,,,,,,,,,X,,X,,,,
his,,,,,,,X,,,,X,,,,,,,
actually,,,,,,,,,,,,X,,,,,,X
individual,,,,,,,X,,,,,,,,,,,
necessarily,,,,,,,,,,,,X,,,,,X,
nor,,,,,,,,,,,,X,,,,,,X
ever,,,,,,,,,,,,X,,,,,X,
try,,,,,,,,,,,,X,,,,X,,
move,,,,,,,,,,,,,,,,,,
friendships,,,,,,,,,,,,,,,,,,
run,,,,,,,,,,,,,,,,,,
dealt,,,,,,,,,,,,,,,,,,
inappropriate,,,,,,,,,,,,,,,,,,
holds,,,,,,,,,,,,,,,,,,
brother,,,,,,,X,X,,,X,,,,,,,
passed,,,,,,,,,,,,,,,,,,
away,,,,,,,,,,,,,,,,,,
1995,,,,,,,,,,,,,,,,,,
won't,,,,,,,,,,,,,,,,,,
totally,,,,,,,,,,,,X,,,,,X,
book,,,,,,,,,,,,,,,,,,
benefits,X,X,,,,,,,,,,,,,,,,
sense,,,,,,,,,,,,X,X,,,,,
manipulate,,,,,,,,,,,,X,,X,,,,
put,,,,,,,,,,,,,,,,,,
making,,,,,,,,,,,,X,,X,,,,
simple,,,,,,,,,,,,,,,,,,
without,,,,,,,,,,,,X,,,,,,X
big,,,,,,,,,,,,,,,,,,
significant,,,,,,,,,,,,,,,,,,
talked,,,,,,,X,,,,,,,,,,,
discussed,,,,,,,X,,,,,,,,,,,
repressed,X,,X,X,,,,,,,,,,,,,,
blood,,,,,,,,,,,,,,,,,,
feuds,X,,X,,X,,X,,,,,,,,,,,
plainly,,,,,,,,,,,,,,,,,,
illogical,,,,,,,,,,,,,,,,,,
country,,,,,,,,,,,,,,,,,,
practice,,,,,,,,,,,,,,,,,,
hatfield,,,,,,,,,,,,,,,,,,
mccoy,,,,,,,,,,,,,,,,,,
source,,,,,,,,,,,,X,,X,,,,
fixed,,,,,,,,,,,,,,,,,,
unhealthy,,,,,,,,,,,,,,,,,,
sake,,,,,,,,,,,,,,,,,,
cut,X,,X,,,,,,,,,,,,,,,
honk,,,,,,,,,,,,,,,,,,
you're,,,,,,,X,,,,,,,,,,,
shoudlve,,,,,,,,,,,,,,,,,,
careful,,,,,,,,,,,,,,,,,,
responsibility,,,,,,,,,,,,,,,,,,
attempt,,,,,,,,,,,,,,,,,,
address,,,,,,,,,,,,,,,,,,
faith,X,X,,,,,,,,,,,,,,,,
hard,,,,,,,,,,,,,,,,,,
general,,,,,,,,,,,,,,,,,,
onto,,,,,,,,,,,,,,,,,,
others,,,,,,,,,,,,X,,,,,,X
mad,X,,X,,X,,,,,,,,,,,,,
unreasonable,,,,,,,,,,,,,,,,,,
decision,,,,,,,,,,,,X,X,,,,,
breaking,,,,,,,,,,,,,,,,,,
personal,X,,,,,,X,,,,,,,,,,,
found,,,,,,,,,,,,X,X,,,,,
weren't,,,,,,,,,,,,X,,,,,,X
harmful,X,,X,,,,,,,,,,,,,,,
toxicity,,,,,,,,,,,,,,,,,,
impacting,,,,,,,,,,,,,,,,,,
impactful,,,,,,,,,,,,,,,,,,
bitter,X,,X,,X,,,,,,,,,,,,,
brings,,,,,,,,,,,,,,,,,,
around,,,,,,,,,,,,,,,,,,
dinner,,,,,,,,,,,,,,,,,,
somone,,,,,,,,,,,,,,,,,,
admits,,,,,,,X,,,,,X,X,,,,,
deserving,,,,,,,,,,,,,,,,,,
advance,,,,,,,,,,,,,,,,,,
career,,,,,,,,,,,,,,,,,,
place,,,,,,,,,,,,,,,,,,
treats,,,,,,,,,,,,,,,,,,
badly,X,,X,,,,,,,,,,,,,,,
knows,,,,,,,,,,,,X,X,,,,,
annoyances,,,,,,,,,,,,,,,,,,
recall,,,,,,,,,,,,X,X,,,,,
childhood,,,,,,,,,,,,,,,,,,
mother,,,,,,,X,X,,X,,,,,,,,
driving,,,,,,,,,,,,,,,,,,
began,,,,,,,,,,,,,,,,,,
following,,,,,,,,,,,,,,,,,,
able,,,,,,,,,,,,,,,,,,
lose,X,,X,,,X,,,,,,,,,,,,
eventually,,,,,,,,,,,,,,,,,,
silly,X,X,,,,,,,,,,,,,,,,
yard,,,,,,,,,,,,,,,,,,
says,,,,,,,X,,,,,,,,,,,
look,,,,,,,,,,,,,,,,,,
certain,X,X,,,,,,,,,,X,,,,,X,
clothes,,,,,,,,,,,,,,,,,,
implications,,,,,,,,,,,,X,,X,,,,
few,,,,,,,,,,,,,,,,,,
months,,,,,,,,,,,,,,,,,,
yes,,,,,,,,,,,,,,,,,,
canceled,,,,,,,,,,,,,,,,,,
minute,,,,,,,,,,,,,,,,,,
ghosted,,,,,,,,,,,,,,,,,,
going,,,,,,,,,,,,,,,,,,
emotionally,,,,,,,,,,,,,,,,,,
personally,,,,,,,,,,,,,,,,,,
write,,,,,,,,,,,,,,,,,,
whole,,,,,,,,,,,,,,,,,,
empathetic,,,,,,,,,,,,,,,,,,
e.g.,,,,,,,,,,,,,,,,,,
hearing,,,,,,,X,,,,,,,,,,,
gossip,X,,X,,,,X,,,,,,,,,,,
accidently,,,,,,,,,,,,,,,,,,
basically,,,,,,,,,,,,,,,,,,
severe,X,,X,,,,,,,,,,,,,,,
outcome,,,,,,,,,,,,X,,X,,,,
hurtful,X,,X,,,X,,,,,,,,,,,,
bit,,,,,,,,,,,,,,,,,,
unknowingly,,,,,,,,,,,,X,,,,X,,
opposing,,,,,,,,,,,,,,,,,,
team,,,,,,,X,,,,,,,,,,,
goalie,,,,,,,,,,,,,,,,,,
lost,X,,X,,,X,,,,,,,,,,,,
issue,,,,,,,,,,,,,,,,,,
living,,,,,,,,,,,,,,,,,,
treat,X,X,,,,,,,,,,,,,,,,
occurs,,,,,,,,,,,,,,,,,,
stubborn,X,,X,,X,,,,,,,,,,,,,
wrongs,X,,X,,,,,,,,,,,,,,,
apologizes,,,,,,,X,,,,,,,,,,,
consciously,,,,,,,,,,,,X,X,,,,,
directly,,,,,,,,,,,,X,,,,,X,
neighbor,,,,,,,X,,X,,,,,,,,,
nicer,X,X,,,,,,,,,,,,,,,,
boat,,,,,,,,,,,,,,,,,,
nice,X,X,,,,,,,,,,,,,,,,
grill,,,,,,,,,,,,,,,,,,
etc,,,,,,,,,,,,,,,,,,
previous,,,,,,,,,,,,,,,,,,
answer,,,,,,,,,,,,X,X,,,,,
ruin,X,,X,,,X,,,,,,,,,,,,
course,,,,,,,,,,,,,,,,,,
needs,,,,,,,,,,,,X,,,X,,,
addressed,,,,,,,,,,,,,,,,,,
tells,,,,,,,X,,,,,,,,,,,
white,,,,,,,,,,,,,,,,,,
lie,,,,,,,,,,,,,,,,,,
tripping,,,,,,,,,,,,,,,,,,
destruction,X,,X,,X,,,,,,,,,,,,,
property,,,,,,,,,,,,,,,,,,
lamp,,,,,,,,,,,,,,,,,,
compensation,,,,,,,,,,,,,,,,,,
simply,,,,,,,,,,,,,,,,,,
hiding,,,,,,,,,,,,,,,,,,
becomes,,,,,,,,,,,,X,X,,,,,
stressful,X,,X,X,,,,,,,,,,,,,,
turns,,,,,,,,,,,,,,,,,,
caring,X,X,,,,,,,,,,,,,,,,
commits,,,,,,,,,,,,X,,,,,X,
crime,,,,,,,,,,,,,,,,,,
profusely,,,,,,,,,,,,,,,,,,
takes,,,,,,,,,,,,,,,,,,
consistent,,,,,,,,,,,,,,,,,,
visible,,,,,,,,,,,,,,,,,,
rectify,,,,,,,,,,,,,,,,,,
regarding,,,,,,,,,,,,,,,,,,
unless,,,,,,,,,,,,X,,,,,,X
egregious,,,,,,,,,,,,,,,,,,
overcome,,,,,,,,,,,,,,,,,,
lasts,,,,,,,,,,,,,,,,,,
physical,,,,,,,,,,,,,,,,,,
pain,X,,X,,,,,,,,,,,,,,,
somebody,,,,,,,X,,,,,X,,,,X,,
borrowed,,,,,,,,,,,,,,,,,,
pencil,,,,,,,,,,,,,,,,,,
returned,,,,,,,,,,,,,,,,,,
unaware,,,,,,,,,,,,X,X,,,,,
effort,,,,,,,,,,,,,,,,,,
friend's,,,,,,,,,,,,,,,,,,
miss,X,,X,,,X,,,,,,,,,,,,
occasion,,,,,,,,,,,,,,,,,,
unforeseen,,,,,,,,,,,,,,,,,,
demonstrated,,,,,,,,,,,,,,,,,,
emotional,X,,X,,,,,,,,,,,,,,,
growth,,,,,,,,,,,,,,,,,,
firmly,,,,,,,,,,,,,,,,,,
multiple,,,,,,,,,,,,,,,,,,
times,,,,,,,,,,,,,,,,,,
plays,X,X,,,,,,,,,,,,,,,,
practical,,,,,,,,,,,,,,,,,,
irrational,X,,X,X,,,,,,,,,,,,,,
although,,,,,,,,,,,,X,,,,,,X
depends,,,,,,,,,,,,X,,X,,X,,
type,,,,,,,,,,,,,,,,,,
shows,,,,,,,,,,,,,,,,,,
remorse,X,,X,,,X,,,,,,,,,,,,
repercussions,,,,,,,,,,,,,,,,,,
give,,,,,,,X,,,,,,,,,,,
eraser,,,,,,,,,,,,,,,,,,
whom,,,,,,,X,,,,,,,,,,,
transgressions,,,,,,,,,,,,,,,,,,
paying,,,,,,,,,,,,,,,,,,
loan,,,,,,,,,,,,,,,,,,
meanness,,,,,,,,,,,,,,,,,,
basic,,,,,,,,,,,,,,,,,,
gossiping,X,,X,,,,X,,,,,,,,,,,
insults,X,,X,,X,,X,,,,,,,,,,,
one's,,,,,,,,,,,,,,,,,,
advocate,,,,,,,,,,,,,,,,,,
resolving,X,X,,,,,,,,,,X,X,,,,,
close,,,,,,,,,,,,,,,,,,
dislike,X,,X,,,,,,,,,,,,,,,
most,,,,,,,,,,,,X,,,,X,,
forgiving,X,X,,,,,X,,,,,X,X,,,,,
allow,,,,,,,,,,,,X,,X,,,,
those,,,,,,,,,,,,,,,,,,
impacted,,,,,,,,,,,,,,,,,,
error,,,,,,,,,,,,,,,,,,
yo,,,,,,,,,,,,,,,,,,
stay,,,,,,,,,,,,,,,,,,
absolutely,,,,,,,,,,,,X,,,,,X,
each,,,,,,,,,,,,,,,,,,
awarded,X,X,,,,,,,,,,,,,,,,
deserved,,,,,,,,,,,,,,,,,,
resolved,X,X,,,,,,,,,,X,X,,,,,
talking,,,,,,,X,,,,,,,,,,,
first,,,,,,,,,,,,,,,,,,
intent,,,,,,,,,,,,X,,X,,,,
malicious,,,,,,,,,,,,,,,,,,
husband,,,,,,,X,X,,,X,,,,,,,
take,,,,,,,,,,,,,,,,,,
trash,,,,,,,,,,,,,,,,,,
assumption,,,,,,,,,,,,X,X,,,X,,
attempts,,,,,,,,,,,,,,,,,,
talk,,,,,,,X,,,,,,,,,,,
permission,,,,,,,,,,,,,,,,,,
anyway,,,,,,,,,,,,,,,,,,
reparations,,,,,,,,,,,,,,,,,,
certainly,X,X,,,,,,,,,,X,,,,,X,
fix,,,,,,,,,,,,,,,,,,
whatever,,,,,,,,,,,,,,,,,,
gone,,,,,,,,,,,,,,,,,,
amends,,,,,,,,,,,,,,,,,,
otherwise,,,,,,,,,,,,X,,,,,,X
paid,,,,,,,,,,,,,,,,,,
debt,,,,,,,,,,,,,,,,,,
continue,,,,,,,,,,,,,,,,,,
solely,,,,,,,,,,,,,,,,,,
gain,,,,,,,,,,,,,,,,,,
advantage,X,X,,,,,,,,,,,,,,,,
anyone,,,,,,,X,,,,,X,,,,X,,
accept,X,X,,,,,,,,,,X,X,,,,,
result,,,,,,,,,,,,X,,X,,,,
difference,,,,,,,,,,,,X,,,,,,X
win,X,X,,,,,,,,,,,,,,,,
prefer,,,,,,,,,,,,X,X,,X,,,
lot,,,,,,,,,,,,X,,,,X,,
remedy,,,,,,,,,,,,,,,,,,
efforts,,,,,,,,,,,,,,,,,,
spills,,,,,,,,,,,,,,,,,,
drink,,,,,,,,,,,,,,,,,,
walking,,,,,,,,,,,,,,,,,,
room,,,,,,,,,,,,,,,,,,
sitting,,,,,,,,,,,,,,,,,,
likely,,,,,,,,,,,,X,,,,X,,
absentminded,,,,,,,,,,,,,,,,,,
opposed,,,,,,,,,,,,,,,,,,
deliberately,,,,,,,,,,,,,,,,,,
difficult,X,,X,,,,,,,,,,,,,,,
show,,,,,,,,,,,,,,,,,,
clean,,,,,,,,,,,,,,,,,,
spill,,,,,,,,,,,,,,,,,,
extra,,,,,,,,,,,,,,,,,,
sit,,,,,,,,,,,,,,,,,,
status,,,,,,,,,,,,,,,,,,
reasonable,,,,,,,,,,,,X,X,X,,,,
agree,X,X,,,,,,,,,,,,,,,,
store,,,,,,,,,,,,,,,,,,
eating,,,,,,,,,,,,,,,,,,
favorite,X,X,,,,,,,,,,,,,,,,
ice,,,,,,,,,,,,,,,,,,
cream,,,,,,,,,,,,,,,,,,
miscommunication,,,,,,,,,,,,,,,,,,
fundamentally,,,,,,,,,,,,X,,,,,X,
wrought,,,,,,,,,,,,,,,,,,
frustration,X,,X,,X,,,,,,,,,,,,,
agreeing,X,X,,,,,,,,,,,,,,,,
guess,,,,,,,,,,,,X,,,,X,,
goofball,,,,,,,,,,,,,,,,,,
explains,,,,,,,X,,,,,X,X,,,,,
mature,,,,,,,,,,,,,,,,,,
resentment,X,,X,,X,,,,,,,,,,,,,
upsets,X,,X,X,,,,,,,,,,,,,,
came,,,,,,,,,,,,,,,,,,
maintain,,,,,,,,,,,,,,,,,,
feeling,,,,,,,,,,,,X,X,,,,,
bitterness,X,,X,,X,,,,,,,,,,,,,
toward,,,,,,,,,,,,,,,,,,
aware,,,,,,,,,,,,X,X,,,,,
fully,,,,,,,,,,,,,,,,,,
keeping,,,,,,,,,,,,,,,,,,
contact,,,,,,,X,,X,,,,,,,,,
tend,,,,,,,,,,,,,,,,,,
depressive,X,,X,,,X,,,,,,,,,,,,
episodes,,,,,,,,,,,,,,,,,,
face,,,,,,,,,,,,,,,,,,
planet,,,,,,,,,,,,,,,,,,
capable,,,,,,,,,,,,,,,,,,
year,,,,,,,,,,,,,,,,,,
poor,X,,X,,,,,,,,,,,,,,,
friendship,,,,,,,,,,,,,,,,,,
abilities,,,,,,,,,,,,,,,,,,
health,,,,,,,,,,,,,,,,,,
sport,,,,,,,,,,,,,,,,,,
teams,,,,,,,X,,,,,,,,,,,
beating,,,,,,,,,,,,,,,,,,
players,,,,,,,,,,,,,,,,,,
turned,,,,,,,,,,,,,,,,,,
you like,X,X,,,,,,,,,,,,,,,,
rights,,,,,,,,,,,,,,,,,,
decide,,,,,,,,,,,,X,X,,,,,
open,,,,,,,,,,,,,,,,,,
listening,,,,,,,X,,,,,,,,,,,
people's,,,,,,,X,,,,,,,,,,,
sides,,,,,,,,,,,,,,,,,,
stupidest,X,,X,,X,,,,,,,,,,,,,
irritated,X,,X,X,,,,,,,,,,,,,,
immediately,,,,,,,,,,,,,,,,,,
apologetic,,,,,,,X,,,,,,,,,,,
different,,,,,,,,,,,,X,,,,,,X
your's,,,,,,,,,,,,,,,,,,
interpretation,,,,,,,,,,,,X,X,,,,,
obviously,,,,,,,,,,,,X,,,,,X,
yet,,,,,,,,,,,,,,,,,,
decides,,,,,,,,,,,,X,X,,,,,
beacuse,,,,,,,,,,,,,,,,,,
pen,,,,,,,,,,,,,,,,,,
use,,,,,,,,,,,,X,,X,,,,
owing,,,,,,,,,,,,,,,,,,
30,,,,,,,,,,,,,,,,,,
overreacts,,,,,,,,,,,,,,,,,,
quick,,,,,,,,,,,,,,,,,,
lives,,,,,,,,,,,,,,,,,,
smallest,,,,,,,,,,,,,,,,,,
itself,,,,,,,,,,,,,,,,,,
easily,X,X,,,,,,,,,,,,,,,,
stupidity,X,,X,,X,,,,,,,,,,,,,
oppinen,,,,,,,,,,,,,,,,,,
stranger,,,,,,,,,,,,,,,,,,
calls,,,,,,,X,,,,,,,,,,,
identifies,,,,,,,,,,,,X,X,,,,,
i'm,,,,,,,,,,,,,,,,,,
sure,X,X,,,,,,,,,,X,,,,,X,
exhibited,,,,,,,,,,,,,,,,,,
intentions,,,,,,,,,,,,X,,X,,,,
incredibly,,,,,,,,,,,,,,,,,,
reflects,,,,,,,,,,,,X,X,,,,,
insulted,X,,X,,X,,X,,,,,,,,,,,
loved,X,X,,,,,X,,,,,,,,,,,
drops,,,,,,,,,,,,,,,,,,
food,,,,,,,,,,,,,,,,,,
floor,,,,,,,,,,,,,,,,,,
affect,,,,,,,,,,,,X,,X,,,,
trust,X,X,,,,,X,,,,,,,,,,,
extent,,,,,,,,,,,,,,,,,,
holder,,,,,,,,,,,,,,,,,,
pizza,,,,,,,,,,,,,,,,,,
delivery,,,,,,,,,,,,,,,,,,
fine,X,X,,,,,,,,,,,,,,,,
annoyed,X,,X,,X,,,,,,,,,,,,,
easy,X,X,,,,,,,,,,,,,,,,
jump,,,,,,,,,,,,,,,,,,
conclusions,,,,,,,,,,,,X,X,,,,,
establishment,,,,,,,,,,,,,,,,,,
understanding,,,,,,,,,,,,X,X,,,,,
specific,,,,,,,,,,,,X,,,,,X,
night,,,,,,,,,,,,,,,,,,
usually,,,,,,,,,,,,X,,,,X,,
squabbles,,,,,,,,,,,,,,,,,,
headed,,,,,,,,,,,,,,,,,,
let's,,,,,,,X,,,,,,,,,,,
mom,,,,,,,X,X,,X,,,,,,,,
looks,,,,,,,,,,,,,,,,,,
youngest,,,,,,,,,,,,,,,,,,
reconciled,,,,,,,,,,,,X,X,,,,,
spilling,,,,,,,,,,,,,,,,,,
apologizing,,,,,,,X,,,,,,,,,,,
unnecessary,,,,,,,,,,,,,,,,,,
deal,,,,,,,,,,,,,,,,,,
violation,X,,X,,X,,,,,,,,,,,,,
cruel,X,,X,,X,,,,,,,,,,,,,
imprudential,,,,,,,,,,,,,,,,,,
impacts,,,,,,,,,,,,,,,,,,
morally,,,,,,,,,,,,,,,,,,
concerns,,,,,,,,,,,,,,,,,,
supposed,,,,,,,,,,,,X,,,,X,,
meet,,,,,,,X,,,,,,,,,,,
hasn't,,,,,,,,,,,,X,,,,,,X
burdened,X,,X,,,,,,,,,,,,,,,
numerous,,,,,,,,,,,,,,,,,,
occasions,,,,,,,,,,,,,,,,,,
continues,,,,,,,,,,,,,,,,,,
create,X,X,,,,,,,,,,X,,X,,,,
mistrust,,,,,,,,,,,,,,,,,,
relationships,,,,,,,X,,,,,,,,,,,
besides,,,,,,,,,,,,X,,,X,,,
fact,,,,,,,,,,,,X,,,,,X,
drag,,,,,,,,,,,,,,,,,,
carry,,,,,,,,,,,,,,,,,,
soothing,,,,,,,,,,,,,,,,,,
kindness,X,X,,,,,,,,,,,,,,,,
compassion,X,X,,,,,X,,,,,,,,,,,
desires,X,X,,,,,,,,,,X,,,X,,,
wrongful,X,,X,,,,,,,,,,,,,,,
under,,,,,,,,,,,,,,,,,,
influence,,,,,,,,,,,,X,,X,,,,
illness,,,,,,,,,,,,,,,,,,
received,,,,,,,X,,,,,,,,,,,
treatment,,,,,,,,,,,,,,,,,,
point,,,,,,,,,,,,,,,,,,
forget,,,,,,,,,,,,,,,,,,
trusting,X,X,,,,,X,,,,,,,,,,,
doubt,X,,X,X,,,,,,,,X,,,,X,,
proven,,,,,,,,,,,,X,X,,,,X,
jealous,X,,X,,X,,,,,,,,,,,,,
success,X,X,,,,,,,,,,,,,,,,
willfully,,,,,,,,,,,,,,,,,,
heat,,,,,,,,,,,,,,,,,,
moment,,,,,,,,,,,,,,,,,,
start,,,,,,,,,,,,,,,,,,
fifteenth,,,,,,,,,,,,,,,,,,
borrowing,,,,,,,,,,,,,,,,,,
afford,,,,,,,,,,,,,,,,,,
apoligizes,,,,,,,,,,,,,,,,,,
heart,,,,,,,,,,,,,,,,,,
agian,,,,,,,,,,,,,,,,,,
fairly,,,,,,,,,,,,X,,,,X,,
contest,,,,,,,,,,,,,,,,,,
childish,,,,,,,,,,,,,,,,,,
described,,,,,,,,,,,,,,,,,,
above,,,,,,,,,,,,,,,,,,
paragraph,,,,,,,,,,,,,,,,,,
targeted,,,,,,,,,,,,,,,,,,
entity,,,,,,,,,,,,,,,,,,
deserve,,,,,,,,,,,,,,,,,,
rancor,,,,,,,,,,,,,,,,,,
distracts,X,,,,,,,,,,,X,X,,,,,
restricts,,,,,,,,,,,,,,,,,,
fairness,,,,,,,,,,,,,,,,,,
side,,,,,,,,,,,,,,,,,,
cool,X,X,,,,,,,,,,,,,,,,
unrelated,,,,,,,,,,,,X,X,,,,,
resolvable,X,X,,,,,,,,,,X,X,,,,,
conflict,,,,,,,,,,,,,,,,,,
judgement,,,,,,,,,,,,,,,,,,
misunderstood,,,,,,,,,,,,X,X,,,,,
led,,,,,,,,,,,,X,,X,,,,
falling,,,,,,,,,,,,,,,,,,
large,,,,,,,,,,,,,,,,,,
quality,,,,,,,,,,,,,,,,,,
correctly,,,,,,,,,,,,X,,,,,X,
restaurant,,,,,,,,,,,,,,,,,,
forgiven,X,X,,,,,X,,,,,X,X,,,,,
anytime,,,,,,,,,,,,X,,,,X,,
helps,X,X,,,,,X,,,,,,,,,,,
distance,,,,,,,,,,,,,,,,,,
possible,,,,,,,,,,,,X,,,,X,,
indiscretion,,,,,,,,,,,,,,,,,,
expresses,,,,,,,X,,,,,,,,,,,
planning,,,,,,,,,,,,,,,,,,
need,,,,,,,,,,,,X,,,X,,,
study,,,,,,,,,,,,,,,,,,
exam,,,,,,,,,,,,,,,,,,
altercations,,,,,,,,,,,,,,,,,,
stole,,,,,,,,,,,,,,,,,,
piece,,,,,,,,,,,,,,,,,,
react,,,,,,,,,,,,X,,X,,,,
someone's,,,,,,,X,,,,,X,,,,X,,
accidentially,,,,,,,,,,,,,,,,,,
eats,,,,,,,,,,,,,,,,,,
arrested,,,,,,,,,,,,,,,,,,
domestic,,,,,,,,,,,,,,,,,,
abuse,X,,X,,X,,,,,,,,,,,,,
applicant,,,,,,,,,,,,,,,,,,
hired,,,,,,,,,,,,,,,,,,
cookie,,,,,,,,,,,,,,,,,,
snack,,,,,,,,,,,,,,,,,,
harbor,,,,,,,,,,,,,,,,,,
somthing,,,,,,,,,,,,,,,,,,
behind,,,,,,,,,,,,,,,,,,
inconvenient,,,,,,,,,,,,,,,,,,
communication,,,,,,,X,,,,,,,,,,,
empathy,,,,,,,,,,,,,,,,,,
owe,,,,,,,,,,,,,,,,,,
asks,,,,,,,X,,,,,,,,,,,
particularly,,,,,,,,,,,,X,,,,,X,
love,X,X,,,,,X,,,,,,,,,,,
sadness,X,,X,,,X,,,,,,,,,,,,
confusion,,,,,,,,,,,,X,,,,X,,
dwell,X,,X,X,,,,,,,,,,,,,,
events,,,,,,,,,,,,,,,,,,
filled,,,,,,,,,,,,,,,,,,
hostility,X,,X,,X,,X,,,,,,,,,,,
root,,,,,,,,,,,,X,,X,,,,
speak,,,,,,,X,,,,,,,,,,,
rudely,X,,X,,X,,,,,,,,,,,,,
rubbed,,,,,,,,,,,,,,,,,,
personality,,,,,,,,,,,,,,,,,,
abrasive,,,,,,,,,,,,,,,,,,
bumping,,,,,,,,,,,,,,,,,,
involved,,,,,,,X,,,,,,,,,,,
extremely,,,,,,,,,,,,X,,,,,X,
battle,X,,X,,X,,,,,,,,,,,,,
talks,,,,,,,X,,,,,,,,,,,
misunderstandings,,,,,,,,,,,,X,X,,,,,
biases,,,,,,,,,,,,,,,,,,
cleared,,,,,,,,,,,,,,,,,,
views,,,,,,,,,,,,,,,,,,
minuscule,,,,,,,,,,,,,,,,,,
care,X,X,,,,,,,,,,,,,,,,
shallow,,,,,,,,,,,,,,,,,,
superficial,,,,,,,,,,,,,,,,,,
beliefs,,,,,,,,,,,,X,X,,,,,
moral,,,,,,,,,,,,,,,,,,
values,X,X,,,,,,,,,,,,,,,,
principles,,,,,,,,,,,,,,,,,,
disagree,X,,X,,,,,,,,,,,,,,,
walk,,,,,,,,,,,,,,,,,,
occurred,,,,,,,,,,,,,,,,,,
objectively,,,,,,,,,,,,,,,,,,
outworked,,,,,,,,,,,,,,,,,,
outperformed,,,,,,,,,,,,,,,,,,
prompted,,,,,,,,,,,,,,,,,,
repeated,,,,,,,,,,,,,,,,,,
chair,,,,,,,,,,,,,,,,,,
explanation,,,,,,,,,,,,X,X,,,,,
waiter,,,,,,,,,,,,,,,,,,
longer,,,,,,,,,,,,,,,,,,
expected,,,,,,,,,,,,X,,,X,,,
members,,,,,,,X,,,,,,,,,,,
differences,,,,,,,,,,,,X,,,,,,X
revenge,X,,X,,X,,,,,,,,,,,,,
whenever,,,,,,,,,,,,,,,,,,
between,,,,,,,,,,,,,,,,,,
enjoy,X,X,,,,,,,,,,,,,,,,
spending,,,,,,,,,,,,,,,,,,
caused,,,,,,,,,,,,X,,X,,,,
moderate,,,,,,,,,,,,,,,,,,
express,,,,,,,X,,,,,,,,,,,
regret,X,,X,,,X,,,,,,X,,,X,,,
snaps,,,,,,,,,,,,,,,,,,
day,,,,,,,,,,,,,,,,,,
spouse,,,,,,,X,X,,,,,,,,,,
snap,,,,,,,,,,,,,,,,,,
innocent,X,X,,,,,,,,,,,,,,,,
vicious,X,,X,,X,,,,,,,,,,,,,
arguments,X,,X,,X,,X,,,,,,,,,,,
everyday,,,,,,,,,,,,X,,,,,X,
stuff,,,,,,,,,,,,,,,,,,
haven't,,,,,,,,,,,,X,,,,,,X
legitimate,,,,,,,,,,,,,,,,,,
alternative,,,,,,,,,,,,X,,,,,,X
assessing,,,,,,,,,,,,,,,,,,
injustice,,,,,,,,,,,,,,,,,,
words,,,,,,,,,,,,,,,,,,
possibility,,,,,,,,,,,,X,,,,X,,
sincere,X,X,,,,,,,,,,,,,,,,
mend,,,,,,,,,,,,,,,,,,
breach,,,,,,,,,,,,,,,,,,
two,,,,,,,,,,,,,,,,,,
thinks,,,,,,,,,,,,X,X,,,,,
anyways,,,,,,,,,,,,,,,,,,
mug,,,,,,,,,,,,,,,,,,
told,,,,,,,X,,,,,,,,,,,
million,,,,,,,,,,,,,,,,,,
jealousy,X,,X,,X,,,,,,,,,,,,,
worthwhile,X,X,,,,,,,,,,,,,,,,
rethink,,,,,,,,,,,,X,X,,,,,
bascially,,,,,,,,,,,,,,,,,,
opposite,,,,,,,,,,,,X,,,,,,X
earlier,,,,,,,,,,,,,,,,,,
justified,,,,,,,,,,,,X,X,X,,,,
bother,X,,X,,X,,,,,,,,,,,,,
toy,,,,,,,,,,,,,,,,,,
mistake like,X,X,,,,,,,,,,,,,,,,
sent,,,,,,,X,,,,,,,,,,,
package,,,,,,,,,,,,,,,,,,
house,,,,,,,,,,,,,,,,,,
invite,,,,,,,,,,,,,,,,,,
ski,,,,,,,,,,,,,,,,,,
trip,,,,,,,,,,,,,,,,,,
knew,,,,,,,,,,,,X,X,,,,,
include,,,,,,,,,,,,,,,,,,
murder,X,,X,,X,,,,,,,,,,,,,
healthy,X,X,,,,,,,,,,,,,,,,
repented,,,,,,,,,,,,,,,,,,
hoping,X,X,,,,,,,,,,X,,,X,X,,
harming,X,,X,,,,,,,,,,,,,,,
forgotten,,,,,,,,,,,,,,,,,,
discussion,,,,,,,X,,,,,,,,,,,
recompense,,,,,,,,,,,,,,,,,,
upon,,,,,,,,,,,,,,,,,,
hits,,,,,,,,,,,,,,,,,,
warranted,,,,,,,,,,,,,,,,,,
account,,,,,,,,,,,,,,,,,,
these,,,,,,,,,,,,,,,,,,
regular,,,,,,,,,,,,,,,,,,
occurrence,,,,,,,,,,,,,,,,,,
mistakenly,X,,X,,,,,,,,,X,,,X,,,
significantly,,,,,,,,,,,,,,,,,,
factors,,,,,,,,,,,,,,,,,,
played,X,X,,,,,,,,,,,,,,,,
messes,,,,,,,,,,,,,,,,,,
hitting,,,,,,,,,,,,,,,,,,
trigger,,,,,,,,,,,,X,,X,,,,
remark,,,,,,,,,,,,,,,,,,
period,,,,,,,,,,,,,,,,,,
restitution,,,,,,,,,,,,,,,,,,
peole,,,,,,,,,,,,,,,,,,
feels,,,,,,,,,,,,X,X,,,,,
started,,,,,,,,,,,,,,,,,,